"id","site","job_url","job_url_direct","title","company","location","date_posted","job_type","salary_source","interval","min_amount","max_amount","currency","is_remote","job_level","job_function","listing_type","emails","description","company_industry","company_url","company_logo","company_url_direct","company_addresses","company_num_employees","company_revenue","company_description","skills","experience_range","company_rating","company_reviews_count","vacancy_count","work_from_home_type"
"li-4475519349","linkedin","https://www.linkedin.com/jobs/view/4475519349","","DEVELOPER L4","Wipro","Chennai, Tamil Nadu, India","2026-10-05","fulltime","","","","","",False,"not applicable","","","","Job description:
  
  
Job Description

**Role Purpose**

The purpose of this role is to design, test and maintain software programs for operating systems or applications which needs to be deployed at a client end and ensure its meet 100% quality assurance parameters

͏

**Do**

1. Instrumental in understanding the requirements and design of the product/ software

* Develop software solutions by studying information needs, studying systems flow, data usage and work processes
* Investigating problem areas followed by the software development life cycle
* Facilitate root cause analysis of the system issues and problem statement
* Identify ideas to improve system performance and impact availability
* Analyze client requirements and convert requirements to feasible design
* Collaborate with functional teams or systems analysts who carry out the detailed investigation into software requirements
* Conferring with project managers to obtain information on software capabilities

͏

2. Perform coding and ensure optimal software/ module development

* Determine operational feasibility by evaluating analysis, problem definition, requirements, software development and proposed software
* Develop and automate processes for software validation by setting up and designing test cases/scenarios/usage cases, and executing these cases
* Modifying software to fix errors, adapt it to new hardware, improve its performance, or upgrade interfaces.
* Analyzing information to recommend and plan the installation of new systems or modifications of an existing system
* Ensuring that code is error free or has no bugs and test failure
* Preparing reports on programming project specifications, activities and status
* Ensure all the codes are raised as per the norm defined for project / program / account with clear description and replication patterns
* Compile timely, comprehensive and accurate documentation and reports as requested
* Coordinating with the team on daily project status and progress and documenting it
* Providing feedback on usability and serviceability, trace the result to quality risk and report it to concerned stakeholders

͏

3. Status Reporting and Customer Focus on an ongoing basis with respect to project and its execution

* Capturing all the requirements and clarifications from the client for better quality work
* Taking feedback on the regular basis to ensure smooth and on time delivery
* Participating in continuing education and training to remain current on best practices, learn new programming languages, and better assist other team members.
* Consulting with engineering staff to evaluate software-hardware interfaces and develop specifications and performance requirements
* Document and demonstrate solutions by developing documentation, flowcharts, layouts, diagrams, charts, code comments and clear code
* Documenting very necessary details and reports in a formal way for proper understanding of software from client proposal to implementation
* Ensure good quality of interaction with customer w.r.t. e-mail content, fault report tracking, voice calls, business etiquette etc
* Timely Response to customer requests and no instances of complaints either internally or externally

͏

**Deliver**

**No.**
**Performance Parameter**
**Measure**
1.Continuous Integration, Deployment & Monitoring of Software100% error free on boarding & implementation, throughput %, Adherence to the schedule/ release plan2.Quality & CSATOn-Time Delivery, Manage software, Troubleshoot queries, Customer experience, completion of assigned certifications for skill upgradation3.MIS & Reporting100% on time MIS & report generation

Mandatory Skills: Fullstack MERN
  
.

Experience: 5-8 Years
  
.

Reinvent your world. We are building a modern Wipro. We are an end-to-end digital transformation partner with the boldest ambitions. To realize them, we need people inspired by reinvention. Of yourself, your career, and your skills. We want to see the constant evolution of our business and our industry. It has always been in our DNA - as the world around us changes, so do we. Join a business powered by purpose and a place that empowers you to design your own reinvention.","IT Services and IT Consulting","https://in.linkedin.com/company/wipro","https://media.licdn.com/dms/image/v2/D4E0BAQFTFdGNe-V9tw/company-logo_100_100/B4EZpFMu4WIQAQ-/0/1762097557732?e=2147483647&v=beta&t=ou5vQOksNDH68avQwV6fPk4vX3nYe_Vc_K1zSfm9PFg","","","","","","","","","","",""
"li-4475510902","linkedin","https://www.linkedin.com/jobs/view/4475510902","","DEVELOPER L3","Wipro","Pune Division, Maharashtra, India","2026-10-05","fulltime","","","","","",False,"not applicable","","","","Job description:
  
  
Job Description

**Role Purpose**

The purpose of this role is to develop and test software modules based on client requirements and prepare project documentation while coordinating with cross-functional teams to ensure quality delivery.

͏

Areas of responsibility

͏

Gathering of requirements-Assist in conducting workshops and discussions with client stakeholders to gather business process requirements.

Coding and Configuration-""Develop and deliver code for assigned modules, in alignment with client requirements ensuring proper integration with system components.

͏

Testing and Trial Runs-""Execute testing for assigned modules, validate functionality across required interactions, and participate in User Acceptance Testing (UAT) sessions.

Implementation-Participate in implementation of software application and its integration with other systems to ensure stability.

Maintain Documentation-Prepare detailed reports and documentation on project specifications, activities, and status, while presenting information using flowcharts, layouts, diagrams, code comments, and clear, well-structured code.

͏

Stakeholder Collaboration-Collaborate with cross functional teams  to understand requirements, support development activities, check system compatibility, and ensure solutions meet expected standards.

Mandatory Skills: Fullstack Java Enterprise
  
.

Experience: 3-5 Years
  
.

Reinvent your world. We are building a modern Wipro. We are an end-to-end digital transformation partner with the boldest ambitions. To realize them, we need people inspired by reinvention. Of yourself, your career, and your skills. We want to see the constant evolution of our business and our industry. It has always been in our DNA - as the world around us changes, so do we. Join a business powered by purpose and a place that empowers you to design your own reinvention.","IT Services and IT Consulting","https://in.linkedin.com/company/wipro","https://media.licdn.com/dms/image/v2/D4E0BAQFTFdGNe-V9tw/company-logo_100_100/B4EZpFMu4WIQAQ-/0/1762097557732?e=2147483647&v=beta&t=ou5vQOksNDH68avQwV6fPk4vX3nYe_Vc_K1zSfm9PFg","","","","","","","","","","",""
"li-4475530138","linkedin","https://www.linkedin.com/jobs/view/4475530138","","Front - End Developer","Surya Software Systems Private Limited","Bengaluru, Karnataka, India","2026-10-05","fulltime","","","","","",False,"mid-senior level","","","","**Surya at a Glance**
Surya was founded in 1999 by Mr. D.N. Prahlad (an early employee of Infosys), to create software products. Headquartered in Bangalore, we also have offices in the USA, and France.
  
  
Surya creates software products and provides implementation services for Financial Control & Risk Management (Balance sheet management, Regulatory & Compliance & Other Risk areas) of banks and financial services industry. We provide web based, shared facility treasury management products for corporates.
  
  
We help more than 75 banks, hedge funds and corporations around the world make better business decisions by mitigating risk, enhancing profitability and complying with regulatory requirements. We are headquartered in Bangalore, India. We also have offices in USA and France.
  
  
Surya is an equal opportunity employer.
  
  
**Why Surya**
Suryaʼs business and prime focus is software engineering. At Surya, you will be expected to work hard and smart. We are a meritocracy, implying your career depends only on your merit. We have people amongst us who are experts in the field but adapt quickly to changes. Surya looks for entrepreneurial spirit and indeed makes employees shareholders of Surya. All this makes Surya a fun place to be.
  
  
**What We’re Looking For**

* An unwavering attention to detail and care towards your work. Suryans double-check PRs they submit for review. Each variable name is thought through in detail; attention is paid towards how decisions made today will affect the future.
* An absolute commitment towards doing the best work of your life, while helping others to do the same. We deliver with utmost focus on the job at hand. The team works towards crafting the best products for our users, and customers. Working as a team, Suryans go above and beyond when it results in a better end product.
* You should be comfortable working in an agile environment. You are also expected to participate in code reviews - both receiving and offering them as needed. You are needed to communicate flexibly with your team pitching in on designs, features and ideas for the product, wherever needed.
* You should be open to receiving and providing constructive feedback, with a relentless pursuit of constant improvement.

**What You Will Work On**
The specific project you work on is decided based on the list of available projects at the time. While what you work on will change over time, we assure you that youʼll work with people who care deeply about their work and deliver with great attention to detail.
  
  
**Your Growth at Surya**
Suryaʼs growth is driven by ordinary people who have extraordinary dreams and are bold enough to pursue them. Our leadership team, including our Managing Director, is composed primarily of people who joined Surya as freshers. Through our process of continuous feedback, and regular 1-1 conversations, we believe in upskilling our team, and enabling each of them to grow along paths they find satisfying.
  
  
**Relevant Experience:**
2 - 5 years
  
  
**Job Description**
As a member of our products development team, you will be responsible for development and delivery of product features, customization and support. You will work with functional consultants, product control teams and technical architects to arrive at the right solutions and implement them.
  
  
**Responsibilities**

* End to End development and delivery of requirement
* Write technical specification based on functional requirement
* Review fellow developers technical specification & source code
* Design, develop, review and test code
* Work with fellow developers to achieve overall goal
* Stay current on Microsoft technologies, in order to arrive at best solutions
* Active participation in facilitated discussions with project teams
* Require estimating effort for new features, change requests and support requests
* Facilitation of technical sessions within the team

**Technical Skills**
Mandatory
  
  

* React 19 and TypeScript 5+, with deep command of modern JavaScript (ES6+)
* Vite and modern frontend build tooling
* Strong component architecture skills and experience working within a design system
* Solid understanding of REST APIs, API design, and frontend-backend integration
* Accessibility (WCAG) best practices
* Frontend performance optimization (bundle size, rendering, Core Web Vitals)
* Strong problem-solving skills and the ability to independently drive moderately complex work to completion

**Optional**

* Experience with module federation / micro-frontend architecture (or equivalent)
* Monorepo tooling - Turborepo, pnpm, or Lerna
* GraphQL
* React Flow
* Observability / monitoring tooling (e.g., dashboards, metrics, alerting)
* Strong grasp of UI/UX principles and design collaboration
* .NET / C# exposure

**Behavioral Competencies**
Ability to work independently and deal with team for delivery Candidate must be willing to accept responsibility and deliver to the expectations Effective communication skills Excellent writing skills.","Software Development","https://in.linkedin.com/company/surya-software-systems","https://media.licdn.com/dms/image/v2/C4D0BAQHaJTl7od-Kgw/company-logo_100_100/company-logo_100_100/0/1630567232698?e=2147483647&v=beta&t=7hDvPhAfFGK4yip1YDvk3inTc4gCE5MLu4uMRDoR1E8","","","","","","","","","","",""
"li-4474218643","linkedin","https://www.linkedin.com/jobs/view/4474218643","","SAP ABAP Developer with BRIM","Jobgether","India","2026-10-05","fulltime","","","","","",False,"mid-senior level","","","","**This position is listed on behalf of a partner company, who manages all applications and next steps. Our partner is looking for a SAP ABAP Developer with BRIM based in India.**
This is a senior technical opportunity to develop and evolve enterprise billing and revenue management solutions using SAP BRIM and ABAP.
  
  
You’ll work across Subscription Order Management, Convergent Invoicing, Convergent Charging, and FI-CA.
  
  
The role combines hands-on development, systems integration, performance optimization, testing, and production support.
  
  
You’ll translate complex business and functional requirements into scalable technical solutions for subscription- and usage-based billing models.
  
  
You’ll collaborate with architects, functional consultants, integration teams, finance stakeholders, and infrastructure specialists.
  
  
The position offers exposure to large-scale enterprise transformation initiatives and high-volume billing environments.
  
  
It is well suited to an experienced SAP professional who enjoys solving complex technical challenges and delivering reliable, business-critical solutions.
  
  
**Accountabilities**

* Design, develop, enhance, and support SAP BRIM technical solutions across SOM, CI, CC, and FI-CA.
* Develop custom ABAP enhancements, interfaces, workflows, forms, APIs, and automation solutions supporting billing and revenue management processes.
* Translate business and functional requirements into scalable, maintainable, and secure technical solutions.
* Develop and enhance SAP Subscription Order Management processes, including order capture, contract modifications, fulfillment integrations, and subscription lifecycle workflows.
* Build APIs and integrations supporting order orchestration, provisioning, and subscription management.
* Develop and support Convergent Charging configurations and customizations covering usage-based billing, rating logic, mediation, pricing, and charging frameworks.
* Optimize charging and transaction processing performance in high-volume environments.
* Develop and support Convergent Invoicing functionality, including billing aggregation, invoice generation, formatting, reconciliation, financial postings, and billing automation.
* Develop and support FI-CA solutions covering customer account management, payment processing, collections, dunning, financial postings, disputes, and account reconciliation.
* Support integration between SAP FI-CA, S/4HANA Finance, and other enterprise systems.
* Develop ABAP programs, BADIs, user exits, enhancements, RFCs, OData services, APIs, and web services.
* Design and support integrations between SAP BRIM and S/4HANA, CRM/CX platforms, middleware, integration platforms, and third-party billing or payment systems.
* Collaborate with integration architects and middleware teams on interface design and implementation.
* Plan and execute unit, integration, system, and user acceptance testing.
* Troubleshoot defects, perform debugging and root-cause analysis, and resolve technical issues.
* Analyze application performance and optimize billing, charging, and transaction-processing efficiency.
* Participate in deployments, cutovers, maintenance windows, incident response, and production support activities.
* Create and maintain technical specifications, interface documentation, operational procedures, development standards, and technical runbooks.
* Ensure solutions comply with enterprise development standards, security requirements, and governance processes.
* Collaborate with SAP BRIM architects, functional consultants, data migration teams, BASIS administrators, infrastructure teams, and business stakeholders.
* Participate in architecture reviews, technical design sessions, and Agile ceremonies.
* Provide technical guidance, mentoring, and knowledge transfer to internal teams.

**Requirements**

* 7–15 years of professional experience, with proven experience supporting enterprise billing and revenue management solutions.
* Strong hands-on experience with SAP BRIM components, including Subscription Order Management (SOM), Convergent Invoicing (CI), Convergent Charging (CC), and FI-CA.
* Strong ABAP development expertise, including enhancements, user exits, BADIs, APIs, OData services, workflows, and integration development.
* Experience supporting subscription-based and usage-based billing processes.
* Practical experience with SAP HANA and SAP S/4HANA integrations.
* Strong knowledge of middleware, APIs, enterprise integration patterns, and third-party system integrations.
* Experience with application performance tuning, debugging, troubleshooting, and production support.
* Strong understanding of SAP architecture, billing and invoicing processes, financial integration concepts, and enterprise application environments.
* Ability to analyze complex technical problems and develop effective, scalable solutions.
* Strong software development and debugging capabilities with a focus on solution quality and operational stability.
* Excellent communication and collaboration skills, with the ability to work effectively with technical and business stakeholders.
* Strong ability to translate business requirements into clear technical designs and implementations.
* Excellent organizational and documentation skills, with the ability to manage multiple priorities and deadlines.
* Bachelor’s degree in Computer Science, Information Technology, Information Systems, Engineering, or a related technical discipline; equivalent relevant experience may also be considered.
* SAP certifications in ABAP, SAP BRIM, SAP HANA, or S/4HANA are preferred.
* Experience with SAP BTP, SAP Integration Suite, SAP Fiori, SAP Datasphere, cloud-native SAP deployments, DevOps, or CI/CD methodologies is an advantage.
* Experience in utilities, telecommunications, transportation, finance, or other subscription-based industries is a plus.
* Experience with large-scale enterprise transformation programs and Agile or hybrid delivery methodologies is desirable.
* Prior consulting or contract experience within enterprise SAP environments is beneficial.
* SAP BTP and cloud certifications such as Azure, AWS, or Google Cloud certifications are additional advantages.

**Benefits**

* Annual compensation of INR 4,500,000–5,500,000.
* Full-time employment with a long-term professional opportunity.
* 100% remote work arrangement, with the ability to work from anywhere in India.
* Opportunity to work on enterprise-scale SAP BRIM, billing, and revenue management initiatives.
* Exposure to subscription-based and usage-based billing models and high-volume transaction environments.
* Opportunity to work across SAP SOM, CI, CC, FI-CA, ABAP, HANA, and S/4HANA ecosystems.
* Exposure to modern SAP technologies including BTP, Integration Suite, Fiori, cloud deployments, DevOps, and CI/CD.
* Opportunity to collaborate with architects, technical specialists, functional consultants, and business stakeholders.
* Scope for professional growth through complex enterprise transformation projects and continuous technical learning.

**How Jobgether Works**
We use an
**AI-powered matching process**
to ensure your application is reviewed quickly, objectively, and fairly against the role's core requirements. Our system identifies the top-fitting candidates, and this shortlist is then shared directly with the hiring company. The final decision and next steps (interviews, assessments) are managed by their internal team.
  
  
We appreciate your interest and wish you the best!
  
  
Why Apply Through Jobgether?
  
  
**Data Privacy Notice:**
By submitting your application, you acknowledge that Jobgether will process your personal data to evaluate your candidacy and share relevant information with the hiring employer. This processing is based on legitimate interest and pre-contractual measures under applicable data protection laws (including GDPR). You may exercise your rights (access, rectification, erasure, objection) at any time.
  
  
We may use artificial intelligence (AI) tools to support parts of the hiring process, such as reviewing applications, analyzing resumes, or assessing responses and identifying potential inconsistencies or verification signals in application materials based on available information. These tools assist our recruitment team but do not replace human judgment. Final hiring decisions are ultimately made by humans. If you would like more information about how your data is processed, please contact us.","Internet Marketplace Platforms","https://be.linkedin.com/company/jobgether","https://media.licdn.com/dms/image/v2/D4E0BAQHdx4NngvFyPA/company-logo_100_100/B4EZ5GHh6CHEAU-/0/1779292839822/jobgether_logo?e=2147483647&v=beta&t=86Xk6jTn5SYx8OIuRc_gwpv1rBQZ8l6-zCWNpsa3Iy0","","","","","","","","","","",""
"li-4474230296","linkedin","https://www.linkedin.com/jobs/view/4474230296","","Director of Software Architecture","Arm","Bengaluru, Karnataka, India","2026-10-05","fulltime","","","","","",False,"mid-senior level","","","accommodations@arm.com","Would you like to join a team working across the software technology components used by hundreds of millions of users across multiple platforms and market segments globally? As a Software Architect in the Software Organisation, you will work with our key software ecosystems to define software solutions to enable Arm technology and develop strategies to have those solutions adopted and enabled for users.
  
  
Our Central Engineering Software group delivers support for Arm technologies across a wide variety of software projects and creates example software solutions to demonstrate real world applications. You will join a team of software solution architects addressing the growing demand for software to support Arm systems.
  
  
The position will be based at Arm offices in Cambridge, Budapest, or Bangalore.
  
  
**Job Overview**
As a member of a large software engineering team you will help evolve our software strategy across all computing segments, including data centre, automotive, mobile, robotics, networking, home, laptops, TVs, embedded and IoT. You will drive adoption of new features and trends in core processing, accelerators, and system hardware, focusing on improved security, reliability, and performance.
  
  
**Responsibilities**

* Understanding new Arm architecture and IP features, their implementation and what that means for existing software components and tools. Devising how to promote their benefits to software ecosystems and resolve issues that arise in their adoption.
* Analysis and deep understanding of software solutions currently deployed in products, in particular the major open-source software projects such as Linux.
* Delivering software improvements back to the relevant open-source projects as a reference for Arm customers to create their own systems from.
* Working with Arm’s OS, OEM and Silicon Partners to drive standards that enable the optimisation, differentiation, and fast evolution benefits of Arm’s Partner model
* Building new software paradigms onto Arm reference hardware designs
* Profiling the performance of the system and innovating ways to improve
* Leading validation of the functionality, security and safety
* You can expect to be working closely with some of the greatest household names in our industry to help develop, optimize, and deliver the software needed to support Arm's pioneering IP, as well as helping Arm grow its role in new market segments.

**Required Skills And Experience**

* Knowledge of Arm based computer Architecture and the range of SoCs and devices that are created using Arm hardware IP.
* Experience of software profiling, instrumentation, and optimization for real world applications and workloads such as AI stacks, run-time compilers and multimedia processing.
* Strong understanding of complex multi-component computing systems with demonstrable low-level OS/device driver development or integration experience
* Authoritative knowledge of C or C++ development with proficiency with optimizing applications, workloads, and compilers
* Understanding of how to rigorously test software and design software for test
* Experience of the software lifecycle: has taken complex software from concept to production and maintenance

**Skills**
**“Nice To Have” Skills and Experience :**

* Experience with Android, ChromeOS or Windows software and systems
* Experience with Linux, Linux distributions, Cloud/Edge applications and networking software
* Knowledge of Artificial Intelligence software stacks, algorithms and tooling
* Knowledge of multimedia system designs involving GPUs, compositing display processors and image signal processing
* Familiarity with System-on-a-Chip architectures

**In Return**
Our UK offices are outstanding places to collaborate. If you are interested but unsure whether you tick all the boxes, we still would love you to reach out! We are keen to welcome versatile people into Arm!
  
  
Please note that no relocation package is available for this role.
  
  
If skilled worker sponsorship is required, Arm will meet costs associated with sponsorship for the employer only. All fees associated with the individual’s application e.g. visa application fee and Immigration Health Surcharge, will be the responsibility of the successful candidate.
  
  
****Accommodations at Arm****
At Arm, we want to build extraordinary teams. If you need an adjustment or an accommodation during the recruitment process, please email accommodations@arm.com . To note, by sending us the requested information, you consent to its use by Arm to arrange for appropriate accommodations. All accommodation or adjustment requests will be treated with confidentiality, and information concerning these requests will only be disclosed as necessary to provide the accommodation. Although this is not an exhaustive list, examples of support include breaks between interviews, having documents read aloud, or office accessibility. Please email us about anything we can do to accommodate you during the recruitment process.
  
  
****Hybrid Working at Arm****
Arm’s approach to hybrid working is designed to create a working environment that supports both high performance and personal wellbeing. We believe in bringing people together face to face to enable us to work at pace, whilst recognizing the value of flexibility. Within that framework, we empower groups/teams to determine their own hybrid working patterns, depending on the work and the team’s needs. Details of what this means for each role will be shared upon application. In some cases, the flexibility we can offer is limited by local legal, regulatory, tax, or other considerations, and where this is the case, we will collaborate with you to find the best solution. Please talk to us to find out more about what this could look like for you.
  
  
****Equal Opportunities at Arm****
Arm is an equal opportunity employer, committed to providing an environment of mutual respect where equal opportunities are available to all applicants and colleagues. We are a diverse organization of dedicated and innovative individuals, and don’t discriminate on the basis of race, color, religion, sex, sexual orientation, gender identity, national origin, disability, or status as a protected veteran.","Semiconductor Manufacturing, Software Development, and Computer Hardware Manufacturing","https://uk.linkedin.com/company/arm","https://media.licdn.com/dms/image/v2/D4E0BAQEeZEj_YnYWeg/company-logo_100_100/B4EZXss3rjGgAU-/0/1743432940736/arm_logo?e=2147483647&v=beta&t=LQCC3V2YERRmUGVUJOG0fU8tj3srfiJ_QJsd35j4XdQ","","","","","","","","","","",""
"li-4473607203","linkedin","https://www.linkedin.com/jobs/view/4473607203","","Field Application Engineer","Quectel","Delhi, Delhi, India","2026-10-05","fulltime","","","","","",False,"mid-senior level","","","","1.Strong knowledge of GSM/LTE/GNSS/Wifi-BT technologies. Familiarity with relevant 3GPP and positioning specifications. 2.Coding experience in C, C++, and Python. 3.Good understanding of hardware debugging and use of lab tools (oscilloscope, logic analyzer, multimeter, etc.). 4.Hands-on experience with hardware interfaces like UART, SPI, I2C, SDIO, USB, Ethernet. 5.Knowledge of networking and application-layer protocols such as TCP/IP, UDP, HTTP, FTP, MQTT, SSL/TLS. 6.Strong knowledge and hands-on experience with RTOS. 7.Strong problem-solving skills and ability to work independently at customer sites. 8.Good communication and customer-handling skills. 9.Good to have knowledge of Linux or Android system development. Experience in BSP development, device drivers, and embedded Linux/Android customization.","Telecommunications and Technology, Information and Internet","https://cn.linkedin.com/company/quectel-wireless-solutions","https://media.licdn.com/dms/image/v2/C4D0BAQFW__kmrViHGA/company-logo_100_100/company-logo_100_100/0/1630556645348/quectel_wireless_solutions_logo?e=2147483647&v=beta&t=DKoTqF1Sz-XgwHjxXDFe5UTa-acAdLKjjca7sC5ut3U","","","","","","","","","","",""
"li-4475514626","linkedin","https://www.linkedin.com/jobs/view/4475514626","","Java Full Stack Developer Intern","Zexovo","Hyderabad, Telangana, India","2026-10-05","internship","","","","","",False,"internship","","","","**Job Title: Java Full Stack Developer Intern**

**Company: Zexovo**

**Experience Required: Minimum 1 year**

**Employment Type: Internship with an opportunity for full-time conversion**

**About the Role**

**Zexovo**
is seeking a Java Full Stack Developer Intern with at least one year of hands-on development experience to build and enhance our software products. The ideal candidate should have strong Java and Spring Boot skills, experience with modern frontend frameworks, and the ability to deliver features across the application stack.

**Key Responsibilities**

* Develop and maintain full stack applications using Java, Spring Boot, and React or Angular.
* Design, implement, and document secure RESTful APIs.
* Build responsive user interfaces and integrate them with backend services.
* Design MySQL database schemas, optimize queries, and ensure data integrity.
* Implement authentication, authorization, validation, and exception handling.
* Write unit and integration tests, review code, and resolve application defects.
* Troubleshoot performance issues and support application deployments.
* Collaborate with product, design, and QA teams throughout the development lifecycle.

**Required Qualifications and Skills**

* Minimum
  **1 year of hands-on experience**
  in Java full stack development.
* Strong knowledge of Core Java, OOP, collections, generics, Streams API, exception handling, and multithreading.
* Experience with Spring Framework, Spring Boot, Spring MVC, Spring Data JPA, and Hibernate.
* Working knowledge of Spring Security, JWT authentication, and role-based access control.
* Proficiency in JavaScript, HTML5, CSS3, and React or Angular; familiarity with TypeScript.
* Experience with MySQL, relational database design, complex SQL queries, joins, indexing, and transaction management.
* Understanding of REST API design, HTTP, pagination, API versioning, and Swagger/OpenAPI.
* Experience with Git, Maven or Gradle, Postman, JUnit, and Mockito.
* Strong debugging, problem-solving, communication, and collaboration skills.

**Preferred Advanced Skills**

* Microservices architecture, API gateways, and resilient service communication.
* Asynchronous processing and messaging using Kafka or RabbitMQ.
* Redis caching and cache invalidation strategies.
* Docker, CI/CD pipelines, and cloud deployment using AWS, Azure, or Google Cloud.
* Database migrations using Flyway or Liquibase.
* Performance profiling, JVM memory management, and Hibernate query optimization.
* Centralized logging, application monitoring, and distributed tracing.
* Secure coding practices and familiarity with common web application vulnerabilities.

**Full-Time Conversion**

* **This internship offers the opportunity to transition into a full-time position based on performance, technical proficiency, ownership, and business requirements.**","Technology, Information and Internet","https://in.linkedin.com/company/zexovo","https://media.licdn.com/dms/image/v2/D560BAQFNmMXB7QCeIw/img-crop_100/B56ZjG4C1XHkAM-/0/1755683238616?e=2147483647&v=beta&t=tSzM3iUxFkGexTHiCi2VGaF9mA9rDAslOPsghjN421Q","","","","","","","","","","",""
"li-4474228373","linkedin","https://www.linkedin.com/jobs/view/4474228373","","Senior QA AI Engineer","Jobgether","India","2026-10-05","fulltime","","","","","",False,"mid-senior level","","","","**This position is listed on behalf of a partner company, who manages all applications and next steps. Our partner is looking for a Senior QA AI Engineer based in India.**
This role leads quality engineering and AI testing initiatives for reliable, scalable, and secure cloud-based software solutions.
  
  
You will design advanced testing strategies for backend services, APIs, AI-powered features, and microservices architectures.
  
  
A key focus will be validating large language model behavior, agentic AI workflows, security risks, and non-deterministic outputs.
  
  
You will build automated evaluation frameworks that integrate quality controls directly into modern CI/CD pipelines.
  
  
Working closely with product, engineering, and machine learning teams, you will influence requirements, release quality, and technical standards.
  
  
The role also provides an opportunity to mentor engineers and drive continuous improvements in quality engineering practices.
  
  
You will contribute to responsible AI adoption while helping deliver resilient technology for complex risk and decision-making environments.
  
  
**Accountabilities**

* Lead quality engineering and AI testing initiatives to ensure software solutions are reliable, scalable, secure, and production-ready across cloud-based platforms.
* Design, develop, and maintain automated test suites for Java-based backend services and REST APIs, supporting consistent quality across development and release cycles.
* Own testing strategies for AI-powered features, including large language model output validation, regression baselines, tool-call accuracy, context management, and end-to-end integration testing.
* Develop continuous integration evaluation frameworks for non-deterministic AI outputs using rubric-based scoring, automated prompt regression suites, and behavioral drift detection.
* Collaborate with product owners, software engineers, and machine learning engineers to establish testable requirements, review acceptance criteria, and maintain quality throughout agile delivery cycles.
* Perform database validation against PostgreSQL and Microsoft SQL Server to verify data integrity, transformation logic, and backend workflow accuracy.
* Conduct AI-focused security testing, including prompt injection assessments, adversarial input validation, jailbreak testing, and sensitive data leakage checks.
* Define and enforce synthetic or masked test-data standards for AI testing, ensuring confidential and regulated information is handled appropriately.
* Monitor and report quality, performance, and AI observability metrics, including token consumption, streaming latency, tool-call success rates, model error rates, and reliability indicators.
* Integrate automated testing into CI/CD pipelines and establish effective quality gates and deployment controls.
* Conduct test-code reviews, mentor quality engineering team members, perform exploratory testing, and continuously improve testing processes and methodologies.
* Support performance and load testing for cloud-native SaaS platforms hosted on AWS and Microsoft Azure, validating scalability, availability, and reliability.
* Maintain comprehensive test documentation, traceability matrices, defect analysis reports, and quality metrics to provide transparency and alignment across stakeholders.

**Requirements**

* 5–7 years of experience in software quality engineering, with strong hands-on experience testing Java-based backend services and REST APIs.
* Proficiency with test automation frameworks such as Selenium, TestNG, JUnit, RestAssured, or Cucumber for UI and API testing.
* Strong knowledge of relational databases, particularly PostgreSQL and Microsoft SQL Server, with experience performing data validation and integrity testing.
* Hands-on experience testing AI features integrated with large language models, including output validation, semantic evaluation, hallucination detection, regression testing, and streaming API behavior.
* Familiarity with Model Context Protocol (MCP) and agentic AI testing patterns, including tool-use accuracy, context management, and validation of deterministic versus non-deterministic outputs.
* Experience conducting AI security testing, including prompt injection, jailbreak validation, adversarial testing, sensitive data leakage assessments, and reliability or performance testing.
* Strong understanding of software design principles, microservices architectures, and system-level test strategy development.
* Demonstrated ability to identify complex edge cases and translate technical requirements into comprehensive quality strategies.
* Strong understanding of AI technologies and experience applying AI tools to support innovation, operational efficiency, and responsible AI adoption.
* Knowledge of AI risk management, governance, and responsible AI practices.
* Experience working with cloud-based platforms, preferably AWS and Microsoft Azure.
* Strong collaboration and communication skills, with the ability to work effectively across product, engineering, machine learning, and quality teams.
* Experience mentoring engineers and contributing to continuous improvement in testing standards and processes.
* Bachelor’s or Master’s degree in Computer Science, Mathematics, Physics, or a related technical field.

**Benefits**

* Full-time remote opportunity based in India.
* Opportunity to work on advanced AI, software quality, cloud, and automation initiatives.
* Exposure to large language models, agentic AI, AI security, and responsible AI practices.
* Opportunity to influence quality engineering strategy and establish modern testing standards.
* Collaboration with product, software engineering, machine learning, and other technical teams.
* Opportunity to mentor team members and contribute to the development of high-performing engineering practices.
* Experience working with cloud-native SaaS platforms across AWS and Microsoft Azure.
* Opportunity to contribute to technology that supports complex risk assessment, resilience, and informed decision-making.
* Inclusive environment that values curiosity, diverse perspectives, integrity, innovation, and continuous learning.

**How Jobgether Works**
We use an
**AI-powered matching process**
to ensure your application is reviewed quickly, objectively, and fairly against the role's core requirements. Our system identifies the top-fitting candidates, and this shortlist is then shared directly with the hiring company. The final decision and next steps (interviews, assessments) are managed by their internal team.
  
  
We appreciate your interest and wish you the best!
  
  
Why Apply Through Jobgether?
  
  
**Data Privacy Notice:**
By submitting your application, you acknowledge that Jobgether will process your personal data to evaluate your candidacy and share relevant information with the hiring employer. This processing is based on legitimate interest and pre-contractual measures under applicable data protection laws (including GDPR). You may exercise your rights (access, rectification, erasure, objection) at any time.
  
  
We may use artificial intelligence (AI) tools to support parts of the hiring process, such as reviewing applications, analyzing resumes, or assessing responses and identifying potential inconsistencies or verification signals in application materials based on available information. These tools assist our recruitment team but do not replace human judgment. Final hiring decisions are ultimately made by humans. If you would like more information about how your data is processed, please contact us.","Internet Marketplace Platforms","https://be.linkedin.com/company/jobgether","https://media.licdn.com/dms/image/v2/D4E0BAQHdx4NngvFyPA/company-logo_100_100/B4EZ5GHh6CHEAU-/0/1779292839822/jobgether_logo?e=2147483647&v=beta&t=86Xk6jTn5SYx8OIuRc_gwpv1rBQZ8l6-zCWNpsa3Iy0","","","","","","","","","","",""
"li-4475531001","linkedin","https://www.linkedin.com/jobs/view/4475531001","","Technical UKG","Promaynov Advisory Services Pvt. Ltd","Greater Kolkata Area","2026-10-05","contract","","","","","",False,"mid-senior level","","","","As a Senior Consultant
  
  
**Responsibilities**

* Our practitioners will be able to maintain the specialization they have built to date in certain areas while also learning how it connects to broader issues in the market.
* We are committed to continuously supporting our practitioners as they build skills in either one specific part of our business or across the business - our Portfolio is structured to facilitate this learning.
* With Human Capital at the forefront of every organization and Industry, our people will have the ability to capitalize on some of the biggest trends happening today and support organizations working to leverage their greatest asset: their people.
* We will continue to help our people deliver world-class services, innovate on new solutions and products, and prepare them to address our clients’ most difficult challenges in the market.
* WFM Time & Attendance: Pay policy building blocks, ESS, Access and Security,
* Genies,
* UKG WFM Accruals: Accrual Profiles, policies, grants and limits
* UKG WFM Scheduling & Advanced Scheduling: Schedule planners, Labor and Volume Forecasting
* UKG WFM

**Requirements**

* 6-9 years’ application support experience in technical aspects of UKG WFM including:
* UKG WFM WIM Interface Designer Tool
* Coordinating all facets of application upgrades
* Device management (clocks, web, handheld etc.)
* SSRS and other SQL based reporting tools
* Set Up Data Manager
* Extensive application support experience on UKG WFM Workforce Pro, including corrective maintenance and bug fixing around Timesheet Data, Pay Calculations, Person and Functionality access, Wage Adjustments in the following modules:
* UKG
* Navigators, Hyperfinds,
* Event Manager and Transaction Assistant
* UKG WFM Reports & Workflows, including Demographics, Payroll, and Attendance & Absence integrations, CRT maintenance, and custom data views
* UKG WFM Analytics
* Activities: Work Orders, Productivity Tracking, Activity Forms
* 6-9 years’ experience as a functional consultant with any other Time & Attendance management system will be considered
* Experience in using ITSM tools like ServiceNow
* ITIL V3 Fundamental Certification is preferable
* Strong analytical/problem-solving ability
* Excellent written and oral communication skills
* Ability to work in teams and interact across all levels
* Ability to deal with ambiguity and work pressure
* Proficiency in MS Office, specifically MS Word, PowerPoint and Visio
* Willingness to travel internationally for extended duration of time (3 to 6 months)
* Experience in Workforce Dimensions is required
* Business Structure
* Tiles and Data views
* Time & Attendance
* Accruals
* Analytics, Reporting and Activities
* Scheduling & Advanced Scheduling
* Experience in Dell Boomi is required:
* Certification in Dell Boomi
* Preferably candidates who have worked on integration of Dimensions using Dell Boomi
* BE/B.Tech/M.C.A./M.Sc (CS) degree or equivalent from accredited university","Staffing and Recruiting","https://in.linkedin.com/company/promaynov","https://media.licdn.com/dms/image/v2/D4D0BAQEJNW1temPiEg/company-logo_100_100/company-logo_100_100/0/1737963386734/promaynov_logo?e=2147483647&v=beta&t=2pv5mk5hZYQ1gCLhqxNmhIxNVqvuVqRw8jvN9CDKu4I","","","","","","","","","","",""
"li-4473499528","linkedin","https://www.linkedin.com/jobs/view/4473499528","","Network Management Representative","Ria Money Transfer","Mumbai Metropolitan Region","2026-10-05","fulltime","","","","","",False,"entry level","","","","**Description**
Dandelion may be a new platform, but we’re not new to the industry. Backed by Euronet’s 35 years of experience in electronic payments, money transfers, and compliance, Dandelion is the largest, most diverse cross-border payments platform, delivering real-time payments across bank accounts, wallets, and cash. Today, our network spans more than 600,000 cash locations and over 4.1 billion bank accounts and 3.1 billion mobile wallets. We reach 170 countries around the world with over 90% of payments delivered in real-time.
  
  
**About This Role**
This role will be responsible for (we are seeking highly professional for our daily Ops task e.g. Rates updates, locations and new partner onboard & will take care of BD mapping, as well as API support to the new & existing partner].
  
  
**Roles & Responsibilities**
API Integration & Maintenance
  
  

* Assist in integrating APIs between internal systems and external partners.
* Ensure smooth data exchange and connectivity across platforms.
* Monitor API performance and troubleshoot integration issues promptly.

Technical Support
  
  

* Provide first-level support for API-related queries from internal teams and external partners.
* Investigate and resolve API errors, connectivity issues, and data mismatches.
* Escalate complex technical issues to the development team when necessary.

Documentation & Compliance
  
  

* Maintain accurate documentation for API configurations, workflows, and troubleshooting steps.
* Ensure compliance with company security standards and regulatory requirements during integrations.

Testing & Quality Assurance
  
  

* Conduct functional and regression testing for new API integrations and updates.
* Validate data accuracy and system behaviour after integration changes.

**Collaboration**




+ Work closely with developers, product teams, and external vendors to implement integration solutions.
+ Coordinate with operations and business teams to understand requirements and provide technical support.
+ Daily Ops task – including rates updates, location setup, and launch of new partner,
+ Monitoring & Reporting
+ Prepare regular reports on integration status, issues, and resolutions

**Position Requirements**

* Education: Bachelor’s degree in computer science, Information Technology, or related field.

**Experience**

* 1–3 years of experience in API integration, technical support, or related roles.
* Familiarity with RESTful APIs, JSON, and XML data formats.

**Technical Skills**

* Basic understanding of programming languages (e.g., Java, Python, or PHP).
* Knowledge of API testing tools (e.g., Postman, SoapUI).
* Understanding of networking concepts and troubleshooting.

**Soft Skills**

* Strong problem-solving and analytical skills.
* Good communication and collaboration abilities.
* Ability to work under pressure and manage multiple tasks.
* Good Excel Knowledge.

**Additional Advantage**

* Experience with payment gateways or financial integrations.

Knowledge of security protocols and compliance standards
  
  
**Perks & Benefits**

* Medical Insurance
* Term Life Insurance
* Employee Stock Purchase Plan
* Paid Vacation / Sick Leave
* Growth Opportunities
* Corporate gatherings, team bonding events, and much more!","Financial Services","https://www.linkedin.com/company/ria-financial","https://media.licdn.com/dms/image/v2/C4D0BAQFOLMjEUQ3TDg/company-logo_100_100/company-logo_100_100/0/1630514301775/ria_financial_logo?e=2147483647&v=beta&t=sGbPZMv-9sWUWPrhz-iZd2tO21rjFbZ2Viz1Ei720Cc","","","","","","","","","","",""
"li-4475526187","linkedin","https://www.linkedin.com/jobs/view/4475526187","","DEVELOPER L3","Wipro","Chennai, Tamil Nadu, India","2026-10-05","fulltime","","","","","",False,"not applicable","","","","Job description:
  
  
Job Description

**Role Purpose**

The purpose of this role is to develop and test software modules based on client requirements and prepare project documentation while coordinating with cross-functional teams to ensure quality delivery.

͏

Areas of responsibility

͏

Gathering of requirements-Assist in conducting workshops and discussions with client stakeholders to gather business process requirements.

Coding and Configuration-""Develop and deliver code for assigned modules, in alignment with client requirements ensuring proper integration with system components.

͏

Testing and Trial Runs-""Execute testing for assigned modules, validate functionality across required interactions, and participate in User Acceptance Testing (UAT) sessions.

Implementation-Participate in implementation of software application and its integration with other systems to ensure stability.

Maintain Documentation-Prepare detailed reports and documentation on project specifications, activities, and status, while presenting information using flowcharts, layouts, diagrams, code comments, and clear, well-structured code.

͏

Stakeholder Collaboration-Collaborate with cross functional teams  to understand requirements, support development activities, check system compatibility, and ensure solutions meet expected standards.

Mandatory Skills: Fullstack MERN
  
.

Experience: 3-5 Years
  
.

Reinvent your world. We are building a modern Wipro. We are an end-to-end digital transformation partner with the boldest ambitions. To realize them, we need people inspired by reinvention. Of yourself, your career, and your skills. We want to see the constant evolution of our business and our industry. It has always been in our DNA - as the world around us changes, so do we. Join a business powered by purpose and a place that empowers you to design your own reinvention.","IT Services and IT Consulting","https://in.linkedin.com/company/wipro","https://media.licdn.com/dms/image/v2/D4E0BAQFTFdGNe-V9tw/company-logo_100_100/B4EZpFMu4WIQAQ-/0/1762097557732?e=2147483647&v=beta&t=ou5vQOksNDH68avQwV6fPk4vX3nYe_Vc_K1zSfm9PFg","","","","","","","","","","",""
"li-4475528081","linkedin","https://www.linkedin.com/jobs/view/4475528081","","DEVELOPER L3","Wipro","Hyderabad, Telangana, India","2026-10-05","fulltime","","","","","",False,"not applicable","","","","Job description:
  
  
Job Description

**Role Purpose**

The purpose of this role is to develop and test software modules based on client requirements and prepare project documentation while coordinating with cross-functional teams to ensure quality delivery.

͏

Areas of responsibility

͏

Gathering of requirements-Assist in conducting workshops and discussions with client stakeholders to gather business process requirements.

Coding and Configuration-""Develop and deliver code for assigned modules, in alignment with client requirements ensuring proper integration with system components.

͏

Testing and Trial Runs-""Execute testing for assigned modules, validate functionality across required interactions, and participate in User Acceptance Testing (UAT) sessions.

Implementation-Participate in implementation of software application and its integration with other systems to ensure stability.

Maintain Documentation-Prepare detailed reports and documentation on project specifications, activities, and status, while presenting information using flowcharts, layouts, diagrams, code comments, and clear, well-structured code.

͏

Stakeholder Collaboration-Collaborate with cross functional teams  to understand requirements, support development activities, check system compatibility, and ensure solutions meet expected standards.

Mandatory Skills: Fullstack Java Enterprise
  
.

Experience: 3-5 Years
  
.

Reinvent your world. We are building a modern Wipro. We are an end-to-end digital transformation partner with the boldest ambitions. To realize them, we need people inspired by reinvention. Of yourself, your career, and your skills. We want to see the constant evolution of our business and our industry. It has always been in our DNA - as the world around us changes, so do we. Join a business powered by purpose and a place that empowers you to design your own reinvention.","IT Services and IT Consulting","https://in.linkedin.com/company/wipro","https://media.licdn.com/dms/image/v2/D4E0BAQFTFdGNe-V9tw/company-logo_100_100/B4EZpFMu4WIQAQ-/0/1762097557732?e=2147483647&v=beta&t=ou5vQOksNDH68avQwV6fPk4vX3nYe_Vc_K1zSfm9PFg","","","","","","","","","","",""
"li-4475517478","linkedin","https://www.linkedin.com/jobs/view/4475517478","","DEVELOPER L3","Wipro","Hyderabad, Telangana, India","2026-10-05","fulltime","","","","","",False,"not applicable","","","","Job description:
  
  
Job Description

**Role Purpose**

The purpose of this role is to develop and test software modules based on client requirements and prepare project documentation while coordinating with cross-functional teams to ensure quality delivery.

͏

Areas of responsibility

͏

Gathering of requirements-Assist in conducting workshops and discussions with client stakeholders to gather business process requirements.

Coding and Configuration-""Develop and deliver code for assigned modules, in alignment with client requirements ensuring proper integration with system components.

͏

Testing and Trial Runs-""Execute testing for assigned modules, validate functionality across required interactions, and participate in User Acceptance Testing (UAT) sessions.

Implementation-Participate in implementation of software application and its integration with other systems to ensure stability.

Maintain Documentation-Prepare detailed reports and documentation on project specifications, activities, and status, while presenting information using flowcharts, layouts, diagrams, code comments, and clear, well-structured code.

͏

Stakeholder Collaboration-Collaborate with cross functional teams  to understand requirements, support development activities, check system compatibility, and ensure solutions meet expected standards.

Mandatory Skills: Fullstack Java Enterprise
  
.

Experience: 3-5 Years
  
.

Reinvent your world. We are building a modern Wipro. We are an end-to-end digital transformation partner with the boldest ambitions. To realize them, we need people inspired by reinvention. Of yourself, your career, and your skills. We want to see the constant evolution of our business and our industry. It has always been in our DNA - as the world around us changes, so do we. Join a business powered by purpose and a place that empowers you to design your own reinvention.","IT Services and IT Consulting","https://in.linkedin.com/company/wipro","https://media.licdn.com/dms/image/v2/D4E0BAQFTFdGNe-V9tw/company-logo_100_100/B4EZpFMu4WIQAQ-/0/1762097557732?e=2147483647&v=beta&t=ou5vQOksNDH68avQwV6fPk4vX3nYe_Vc_K1zSfm9PFg","","","","","","","","","","",""
"li-4475512819","linkedin","https://www.linkedin.com/jobs/view/4475512819","","DEVELOPER L3","Wipro","Hyderabad, Telangana, India","2026-10-05","fulltime","","","","","",False,"not applicable","","","","Job description:
  
  
Job Description

**Role Purpose**

The purpose of this role is to develop and test software modules based on client requirements and prepare project documentation while coordinating with cross-functional teams to ensure quality delivery.

͏

Areas of responsibility

͏

Gathering of requirements-Assist in conducting workshops and discussions with client stakeholders to gather business process requirements.

Coding and Configuration-""Develop and deliver code for assigned modules, in alignment with client requirements ensuring proper integration with system components.

͏

Testing and Trial Runs-""Execute testing for assigned modules, validate functionality across required interactions, and participate in User Acceptance Testing (UAT) sessions.

Implementation-Participate in implementation of software application and its integration with other systems to ensure stability.

Maintain Documentation-Prepare detailed reports and documentation on project specifications, activities, and status, while presenting information using flowcharts, layouts, diagrams, code comments, and clear, well-structured code.

͏

Stakeholder Collaboration-Collaborate with cross functional teams  to understand requirements, support development activities, check system compatibility, and ensure solutions meet expected standards.

Mandatory Skills: Fullstack Java Enterprise
  
.

Experience: 3-5 Years
  
.

Reinvent your world. We are building a modern Wipro. We are an end-to-end digital transformation partner with the boldest ambitions. To realize them, we need people inspired by reinvention. Of yourself, your career, and your skills. We want to see the constant evolution of our business and our industry. It has always been in our DNA - as the world around us changes, so do we. Join a business powered by purpose and a place that empowers you to design your own reinvention.","IT Services and IT Consulting","https://in.linkedin.com/company/wipro","https://media.licdn.com/dms/image/v2/D4E0BAQFTFdGNe-V9tw/company-logo_100_100/B4EZpFMu4WIQAQ-/0/1762097557732?e=2147483647&v=beta&t=ou5vQOksNDH68avQwV6fPk4vX3nYe_Vc_K1zSfm9PFg","","","","","","","","","","",""
"li-4475518450","linkedin","https://www.linkedin.com/jobs/view/4475518450","","DEVELOPER L3","Wipro","Hyderabad, Telangana, India","2026-10-05","fulltime","","","","","",False,"not applicable","","","","Job description:
  
  
Job Description

**Role Purpose**

The purpose of this role is to develop and test software modules based on client requirements and prepare project documentation while coordinating with cross-functional teams to ensure quality delivery.

͏

Areas of responsibility

͏

Gathering of requirements-Assist in conducting workshops and discussions with client stakeholders to gather business process requirements.

Coding and Configuration-""Develop and deliver code for assigned modules, in alignment with client requirements ensuring proper integration with system components.

͏

Testing and Trial Runs-""Execute testing for assigned modules, validate functionality across required interactions, and participate in User Acceptance Testing (UAT) sessions.

Implementation-Participate in implementation of software application and its integration with other systems to ensure stability.

Maintain Documentation-Prepare detailed reports and documentation on project specifications, activities, and status, while presenting information using flowcharts, layouts, diagrams, code comments, and clear, well-structured code.

͏

Stakeholder Collaboration-Collaborate with cross functional teams  to understand requirements, support development activities, check system compatibility, and ensure solutions meet expected standards.

Mandatory Skills: Fullstack MERN
  
.

Experience: 3-5 Years
  
.

Reinvent your world. We are building a modern Wipro. We are an end-to-end digital transformation partner with the boldest ambitions. To realize them, we need people inspired by reinvention. Of yourself, your career, and your skills. We want to see the constant evolution of our business and our industry. It has always been in our DNA - as the world around us changes, so do we. Join a business powered by purpose and a place that empowers you to design your own reinvention.","IT Services and IT Consulting","https://in.linkedin.com/company/wipro","https://media.licdn.com/dms/image/v2/D4E0BAQFTFdGNe-V9tw/company-logo_100_100/B4EZpFMu4WIQAQ-/0/1762097557732?e=2147483647&v=beta&t=ou5vQOksNDH68avQwV6fPk4vX3nYe_Vc_K1zSfm9PFg","","","","","","","","","","",""
"li-4475514579","linkedin","https://www.linkedin.com/jobs/view/4475514579","","DEVELOPER L3","Wipro","Hyderabad, Telangana, India","2026-10-05","fulltime","","","","","",False,"not applicable","","","","Job description:
  
  
Job Description

**Role Purpose**

The purpose of this role is to develop and test software modules based on client requirements and prepare project documentation while coordinating with cross-functional teams to ensure quality delivery.

͏

Areas of responsibility

͏

Gathering of requirements-Assist in conducting workshops and discussions with client stakeholders to gather business process requirements.

Coding and Configuration-""Develop and deliver code for assigned modules, in alignment with client requirements ensuring proper integration with system components.

͏

Testing and Trial Runs-""Execute testing for assigned modules, validate functionality across required interactions, and participate in User Acceptance Testing (UAT) sessions.

Implementation-Participate in implementation of software application and its integration with other systems to ensure stability.

Maintain Documentation-Prepare detailed reports and documentation on project specifications, activities, and status, while presenting information using flowcharts, layouts, diagrams, code comments, and clear, well-structured code.

͏

Stakeholder Collaboration-Collaborate with cross functional teams  to understand requirements, support development activities, check system compatibility, and ensure solutions meet expected standards.

Mandatory Skills: JAX-RS - Java API- RESTful Web Services
  
.

Experience: 3-5 Years
  
.

Reinvent your world. We are building a modern Wipro. We are an end-to-end digital transformation partner with the boldest ambitions. To realize them, we need people inspired by reinvention. Of yourself, your career, and your skills. We want to see the constant evolution of our business and our industry. It has always been in our DNA - as the world around us changes, so do we. Join a business powered by purpose and a place that empowers you to design your own reinvention.","IT Services and IT Consulting","https://in.linkedin.com/company/wipro","https://media.licdn.com/dms/image/v2/D4E0BAQFTFdGNe-V9tw/company-logo_100_100/B4EZpFMu4WIQAQ-/0/1762097557732?e=2147483647&v=beta&t=ou5vQOksNDH68avQwV6fPk4vX3nYe_Vc_K1zSfm9PFg","","","","","","","","","","",""
"li-4475507978","linkedin","https://www.linkedin.com/jobs/view/4475507978","","DEVELOPER L3","Wipro","Mumbai Metropolitan Region","2026-10-05","fulltime","","","","","",False,"not applicable","","","","Job description:
  
  
Job Description

**Role Purpose**

The purpose of this role is to develop and test software modules based on client requirements and prepare project documentation while coordinating with cross-functional teams to ensure quality delivery.

͏

Areas of responsibility

͏

Gathering of requirements-Assist in conducting workshops and discussions with client stakeholders to gather business process requirements.

Coding and Configuration-""Develop and deliver code for assigned modules, in alignment with client requirements ensuring proper integration with system components.

͏

Testing and Trial Runs-""Execute testing for assigned modules, validate functionality across required interactions, and participate in User Acceptance Testing (UAT) sessions.

Implementation-Participate in implementation of software application and its integration with other systems to ensure stability.

Maintain Documentation-Prepare detailed reports and documentation on project specifications, activities, and status, while presenting information using flowcharts, layouts, diagrams, code comments, and clear, well-structured code.

͏

Stakeholder Collaboration-Collaborate with cross functional teams  to understand requirements, support development activities, check system compatibility, and ensure solutions meet expected standards.

Mandatory Skills: Java-J2EE
  
.

Experience: 3-5 Years
  
.

Reinvent your world. We are building a modern Wipro. We are an end-to-end digital transformation partner with the boldest ambitions. To realize them, we need people inspired by reinvention. Of yourself, your career, and your skills. We want to see the constant evolution of our business and our industry. It has always been in our DNA - as the world around us changes, so do we. Join a business powered by purpose and a place that empowers you to design your own reinvention.","IT Services and IT Consulting","https://in.linkedin.com/company/wipro","https://media.licdn.com/dms/image/v2/D4E0BAQFTFdGNe-V9tw/company-logo_100_100/B4EZpFMu4WIQAQ-/0/1762097557732?e=2147483647&v=beta&t=ou5vQOksNDH68avQwV6fPk4vX3nYe_Vc_K1zSfm9PFg","","","","","","","","","","",""
"li-4475510908","linkedin","https://www.linkedin.com/jobs/view/4475510908","","DEVELOPER L3","Wipro","Chennai, Tamil Nadu, India","2026-10-05","fulltime","","","","","",False,"not applicable","","","","Job description:
  
  
Job Description

**Role Purpose**

The purpose of this role is to develop and test software modules based on client requirements and prepare project documentation while coordinating with cross-functional teams to ensure quality delivery.

͏

Areas of responsibility

͏

Gathering of requirements-Assist in conducting workshops and discussions with client stakeholders to gather business process requirements.

Coding and Configuration-""Develop and deliver code for assigned modules, in alignment with client requirements ensuring proper integration with system components.

͏

Testing and Trial Runs-""Execute testing for assigned modules, validate functionality across required interactions, and participate in User Acceptance Testing (UAT) sessions.

Implementation-Participate in implementation of software application and its integration with other systems to ensure stability.

Maintain Documentation-Prepare detailed reports and documentation on project specifications, activities, and status, while presenting information using flowcharts, layouts, diagrams, code comments, and clear, well-structured code.

͏

Stakeholder Collaboration-Collaborate with cross functional teams  to understand requirements, support development activities, check system compatibility, and ensure solutions meet expected standards.

Mandatory Skills: JAX-RS - Java API- RESTful Web Services
  
.

Experience: 3-5 Years
  
.

Reinvent your world. We are building a modern Wipro. We are an end-to-end digital transformation partner with the boldest ambitions. To realize them, we need people inspired by reinvention. Of yourself, your career, and your skills. We want to see the constant evolution of our business and our industry. It has always been in our DNA - as the world around us changes, so do we. Join a business powered by purpose and a place that empowers you to design your own reinvention.","IT Services and IT Consulting","https://in.linkedin.com/company/wipro","https://media.licdn.com/dms/image/v2/D4E0BAQFTFdGNe-V9tw/company-logo_100_100/B4EZpFMu4WIQAQ-/0/1762097557732?e=2147483647&v=beta&t=ou5vQOksNDH68avQwV6fPk4vX3nYe_Vc_K1zSfm9PFg","","","","","","","","","","",""
"li-4475517475","linkedin","https://www.linkedin.com/jobs/view/4475517475","","DEVELOPER L3","Wipro","Bengaluru, Karnataka, India","2026-10-05","fulltime","","","","","",False,"not applicable","","","","Job description:
  
  
Job Description

**Role Purpose**

The purpose of this role is to develop and test software modules based on client requirements and prepare project documentation while coordinating with cross-functional teams to ensure quality delivery.

͏

Areas of responsibility

͏

Gathering of requirements-Assist in conducting workshops and discussions with client stakeholders to gather business process requirements.

Coding and Configuration-""Develop and deliver code for assigned modules, in alignment with client requirements ensuring proper integration with system components.

͏

Testing and Trial Runs-""Execute testing for assigned modules, validate functionality across required interactions, and participate in User Acceptance Testing (UAT) sessions.

Implementation-Participate in implementation of software application and its integration with other systems to ensure stability.

Maintain Documentation-Prepare detailed reports and documentation on project specifications, activities, and status, while presenting information using flowcharts, layouts, diagrams, code comments, and clear, well-structured code.

͏

Stakeholder Collaboration-Collaborate with cross functional teams  to understand requirements, support development activities, check system compatibility, and ensure solutions meet expected standards.

Mandatory Skills: Python Application Programming
  
.

Experience: 3-5 Years
  
.

Reinvent your world. We are building a modern Wipro. We are an end-to-end digital transformation partner with the boldest ambitions. To realize them, we need people inspired by reinvention. Of yourself, your career, and your skills. We want to see the constant evolution of our business and our industry. It has always been in our DNA - as the world around us changes, so do we. Join a business powered by purpose and a place that empowers you to design your own reinvention.","IT Services and IT Consulting","https://in.linkedin.com/company/wipro","https://media.licdn.com/dms/image/v2/D4E0BAQFTFdGNe-V9tw/company-logo_100_100/B4EZpFMu4WIQAQ-/0/1762097557732?e=2147483647&v=beta&t=ou5vQOksNDH68avQwV6fPk4vX3nYe_Vc_K1zSfm9PFg","","","","","","","","","","",""
"li-4475517476","linkedin","https://www.linkedin.com/jobs/view/4475517476","","DEVELOPER L4","Wipro","Bengaluru, Karnataka, India","2026-10-05","fulltime","","","","","",False,"not applicable","","","","Job description:
  
  
Job Description

**Role Purpose**

The purpose of this role is to design, test and maintain software programs for operating systems or applications which needs to be deployed at a client end and ensure its meet 100% quality assurance parameters

͏

**Do**

1. Instrumental in understanding the requirements and design of the product/ software

* Develop software solutions by studying information needs, studying systems flow, data usage and work processes
* Investigating problem areas followed by the software development life cycle
* Facilitate root cause analysis of the system issues and problem statement
* Identify ideas to improve system performance and impact availability
* Analyze client requirements and convert requirements to feasible design
* Collaborate with functional teams or systems analysts who carry out the detailed investigation into software requirements
* Conferring with project managers to obtain information on software capabilities

͏

2. Perform coding and ensure optimal software/ module development

* Determine operational feasibility by evaluating analysis, problem definition, requirements, software development and proposed software
* Develop and automate processes for software validation by setting up and designing test cases/scenarios/usage cases, and executing these cases
* Modifying software to fix errors, adapt it to new hardware, improve its performance, or upgrade interfaces.
* Analyzing information to recommend and plan the installation of new systems or modifications of an existing system
* Ensuring that code is error free or has no bugs and test failure
* Preparing reports on programming project specifications, activities and status
* Ensure all the codes are raised as per the norm defined for project / program / account with clear description and replication patterns
* Compile timely, comprehensive and accurate documentation and reports as requested
* Coordinating with the team on daily project status and progress and documenting it
* Providing feedback on usability and serviceability, trace the result to quality risk and report it to concerned stakeholders

͏

3. Status Reporting and Customer Focus on an ongoing basis with respect to project and its execution

* Capturing all the requirements and clarifications from the client for better quality work
* Taking feedback on the regular basis to ensure smooth and on time delivery
* Participating in continuing education and training to remain current on best practices, learn new programming languages, and better assist other team members.
* Consulting with engineering staff to evaluate software-hardware interfaces and develop specifications and performance requirements
* Document and demonstrate solutions by developing documentation, flowcharts, layouts, diagrams, charts, code comments and clear code
* Documenting very necessary details and reports in a formal way for proper understanding of software from client proposal to implementation
* Ensure good quality of interaction with customer w.r.t. e-mail content, fault report tracking, voice calls, business etiquette etc
* Timely Response to customer requests and no instances of complaints either internally or externally

͏

**Deliver**

**No.**
**Performance Parameter**
**Measure**
1.Continuous Integration, Deployment & Monitoring of Software100% error free on boarding & implementation, throughput %, Adherence to the schedule/ release plan2.Quality & CSATOn-Time Delivery, Manage software, Troubleshoot queries, Customer experience, completion of assigned certifications for skill upgradation3.MIS & Reporting100% on time MIS & report generation

Mandatory Skills: Android Application
  
.

Experience: 5-8 Years
  
.

Reinvent your world. We are building a modern Wipro. We are an end-to-end digital transformation partner with the boldest ambitions. To realize them, we need people inspired by reinvention. Of yourself, your career, and your skills. We want to see the constant evolution of our business and our industry. It has always been in our DNA - as the world around us changes, so do we. Join a business powered by purpose and a place that empowers you to design your own reinvention.","IT Services and IT Consulting","https://in.linkedin.com/company/wipro","https://media.licdn.com/dms/image/v2/D4E0BAQFTFdGNe-V9tw/company-logo_100_100/B4EZpFMu4WIQAQ-/0/1762097557732?e=2147483647&v=beta&t=ou5vQOksNDH68avQwV6fPk4vX3nYe_Vc_K1zSfm9PFg","","","","","","","","","","",""
"li-4475527277","linkedin","https://www.linkedin.com/jobs/view/4475527277","","Software Engineer (AI Training)","Alignerr","Coimbatore, Tamil Nadu, India","2026-10-05","contract","direct_data","hourly",20.0,100.0,"USD",False,"entry level","","","","**About The Role**
What if the code you write could directly shape how the next generation of AI understands and generates software? We're looking for Software Engineers in Coimbatore to build, evaluate, and improve AI-generated code — helping train AI systems to think like real developers.
  
  
You'll write solutions, review AI outputs, and provide the expert-level feedback that makes AI coding assistants smarter, safer, and more reliable. This is hands-on engineering work at the frontier of AI development — not theoretical, not bureaucratic, and not boring.
  
  
This is a fully remote, flexible contract role. If you can write clean code and explain your reasoning, we want to hear from you.
  
  

* Organization: Alignerr
* Type: Hourly Contract
* Location: Remote
* Commitment: 10–40 hours/week

**What You'll Do**

* Write, debug, and optimize code across a range of languages, frameworks, and problem domains
* Review and evaluate AI-generated code for correctness, efficiency, readability, and best practices
* Identify bugs, logic errors, security issues, and performance bottlenecks in AI outputs
* Provide structured, detailed feedback explaining why code works — or doesn't
* Design challenging coding prompts and edge-case scenarios to stress-test AI capabilities
* Compare and rank multiple AI-generated solutions based on engineering quality
* Work independently and asynchronously — fully on your own schedule

**Who You Are**

* Proficient in one or more programming languages (Python, JavaScript, Java, C++, Go, TypeScript, or similar)
* Solid understanding of data structures, algorithms, and software design principles
* Able to read, write, and reason about code with clarity and precision
* Strong problem-solving instincts and a systematic debugging approach
* Clear written communicator — you can explain technical decisions in plain language
* Self-motivated and reliable when working independently without supervision
* Bachelor's degree in Computer Science, Software Engineering, or a related field — or equivalent practical experience

**Nice to Have**

* Experience across multiple languages or tech stacks (full-stack, backend, systems, data engineering)
* Familiarity with AI/ML concepts, LLMs, or prompt engineering
* Background in code review, technical writing, or mentoring junior developers
* Experience with cloud platforms, DevOps, or distributed systems
* Competitive programming, open-source contributions, or side projects that demonstrate your craft
* Advanced degree in Computer Science or related discipline

**Why Join Us**

* Work on cutting-edge AI projects alongside leading research labs
* Fully remote and flexible — set your own hours and work from anywhere
* Freelance autonomy with intellectually stimulating, high-impact work
* Directly influence how AI writes, understands, and reasons about code
* Sharpen your own engineering skills by evaluating diverse problems daily
* Potential for ongoing work and contract extension as new projects launch","Technology, Information and Internet","https://www.linkedin.com/company/alignerr","https://media.licdn.com/dms/image/v2/D560BAQHD7jKpwp33DA/company-logo_100_100/B56ZsP32kCG4AQ-/0/1765497858824/alignerr_logo?e=2147483647&v=beta&t=aXEU6ybrrLZQzxrFBJsuR5_rTd_Z1kcr2PBy1tZqYIc","","","","","","","","","","",""
"li-4475518548","linkedin","https://www.linkedin.com/jobs/view/4475518548","","Software Engineer (AI Training)","Alignerr","Coimbatore, Tamil Nadu, India","2026-10-05","contract","direct_data","hourly",20.0,100.0,"USD",False,"entry level","","","","**About The Role**
What if the code you write could directly shape how the next generation of AI understands and generates software? We're looking for Software Engineers in Coimbatore to build, evaluate, and improve AI-generated code — helping train AI systems to think like real developers.
  
  
You'll write solutions, review AI outputs, and provide the expert-level feedback that makes AI coding assistants smarter, safer, and more reliable. This is hands-on engineering work at the frontier of AI development — not theoretical, not bureaucratic, and not boring.
  
  
This is a fully remote, flexible contract role. If you can write clean code and explain your reasoning, we want to hear from you.
  
  

* Organization: Alignerr
* Type: Hourly Contract
* Location: Remote
* Commitment: 10–40 hours/week

**What You'll Do**

* Write, debug, and optimize code across a range of languages, frameworks, and problem domains
* Review and evaluate AI-generated code for correctness, efficiency, readability, and best practices
* Identify bugs, logic errors, security issues, and performance bottlenecks in AI outputs
* Provide structured, detailed feedback explaining why code works — or doesn't
* Design challenging coding prompts and edge-case scenarios to stress-test AI capabilities
* Compare and rank multiple AI-generated solutions based on engineering quality
* Work independently and asynchronously — fully on your own schedule

**Who You Are**

* Proficient in one or more programming languages (Python, JavaScript, Java, C++, Go, TypeScript, or similar)
* Solid understanding of data structures, algorithms, and software design principles
* Able to read, write, and reason about code with clarity and precision
* Strong problem-solving instincts and a systematic debugging approach
* Clear written communicator — you can explain technical decisions in plain language
* Self-motivated and reliable when working independently without supervision
* Bachelor's degree in Computer Science, Software Engineering, or a related field — or equivalent practical experience

**Nice to Have**

* Experience across multiple languages or tech stacks (full-stack, backend, systems, data engineering)
* Familiarity with AI/ML concepts, LLMs, or prompt engineering
* Background in code review, technical writing, or mentoring junior developers
* Experience with cloud platforms, DevOps, or distributed systems
* Competitive programming, open-source contributions, or side projects that demonstrate your craft
* Advanced degree in Computer Science or related discipline

**Why Join Us**

* Work on cutting-edge AI projects alongside leading research labs
* Fully remote and flexible — set your own hours and work from anywhere
* Freelance autonomy with intellectually stimulating, high-impact work
* Directly influence how AI writes, understands, and reasons about code
* Sharpen your own engineering skills by evaluating diverse problems daily
* Potential for ongoing work and contract extension as new projects launch","Technology, Information and Internet","https://www.linkedin.com/company/alignerr","https://media.licdn.com/dms/image/v2/D560BAQHD7jKpwp33DA/company-logo_100_100/B56ZsP32kCG4AQ-/0/1765497858824/alignerr_logo?e=2147483647&v=beta&t=aXEU6ybrrLZQzxrFBJsuR5_rTd_Z1kcr2PBy1tZqYIc","","","","","","","","","","",""
"li-4475519475","linkedin","https://www.linkedin.com/jobs/view/4475519475","","Back End Developer (AI Infrastructure)","Alignerr","Pune Division, Maharashtra, India","2026-10-05","contract","direct_data","hourly",20.0,100.0,"USD",False,"entry level","","","","**About The Role**
What if the code you write could directly power the AI systems shaping how millions of people interact with technology? We're looking for Back End Developers in Pune to design, build, and optimize the server-side systems and APIs that drive cutting-edge AI products — from data pipelines and model-serving infrastructure to scalable microservices that handle real-world traffic at scale.
  
  
This is a fully remote, flexible contract role open to engineers across Pune's thriving tech ecosystem. Whether you work in fintech, enterprise software, or product startups, your back end skills are directly applicable here.
  
  

* Organization: Alignerr
* Type: Hourly Contract
* Location: Remote
* Commitment: 10–40 hours/week

**What You'll Do**

* Design, develop, and maintain robust back end services, APIs, and data pipelines
* Build scalable, high-performance server-side architecture to support AI training and inference workloads
* Write clean, well-documented, and testable code following engineering best practices
* Integrate with databases, message queues, cloud services, and third-party APIs
* Optimize system performance, reliability, and scalability as usage grows
* Collaborate asynchronously with distributed teams of engineers, researchers, and product leads
* Troubleshoot production issues, conduct code reviews, and contribute to architectural decisions
* Work independently on task-based and project-based assignments on your own schedule

**Who You Are**

* Proficient in one or more back end languages — Python, Go, Java, Node.js, Rust, or similar
* Solid understanding of RESTful API design, microservices architecture, and distributed systems
* Experienced with relational and/or NoSQL databases (PostgreSQL, MongoDB, Redis, etc.)
* Comfortable working with cloud platforms such as AWS, GCP, or Azure
* Familiar with version control (Git), CI/CD pipelines, and containerization (Docker, Kubernetes)
* Strong problem-solving skills and the ability to debug complex systems independently
* Self-motivated, reliable, and effective when working asynchronously without close supervision
* Clear communicator who can document decisions and collaborate across time zones

**Nice to Have**

* Experience building infrastructure for machine learning or AI systems
* Familiarity with data processing frameworks (Apache Kafka, Spark, Airflow, or similar)
* Background in performance optimization, caching strategies, or high-throughput systems
* Knowledge of authentication, authorization, and security best practices
* Experience with serverless architectures or event-driven design patterns
* Contributions to open-source projects or a strong portfolio of personal/professional work

**Why Join Us**

* Work on cutting-edge AI infrastructure projects alongside leading research labs
* Fully remote and flexible — set your own hours and work from anywhere
* Freelance autonomy with access to meaningful, technically challenging work
* Build systems at the intersection of software engineering and artificial intelligence
* Collaborate with a global network of talented engineers and researchers
* Potential for ongoing work and contract extension as new projects launch","Technology, Information and Internet","https://www.linkedin.com/company/alignerr","https://media.licdn.com/dms/image/v2/D560BAQHD7jKpwp33DA/company-logo_100_100/B56ZsP32kCG4AQ-/0/1765497858824/alignerr_logo?e=2147483647&v=beta&t=aXEU6ybrrLZQzxrFBJsuR5_rTd_Z1kcr2PBy1tZqYIc","","","","","","","","","","",""
"li-4475523319","linkedin","https://www.linkedin.com/jobs/view/4475523319","","Software Engineer (AI Training)","Alignerr","Mysuru, Karnataka, India","2026-10-05","contract","direct_data","hourly",20.0,100.0,"USD",False,"entry level","","","","**About The Role**
What if the code you write could directly shape how the next generation of AI understands and generates software? We're looking for Software Engineers in Mysuru to build, evaluate, and improve AI-generated code — helping train AI systems to think like real developers.
  
  
You'll write solutions, review AI outputs, and provide the expert-level feedback that makes AI coding assistants smarter, safer, and more reliable. This is hands-on engineering work at the frontier of AI development — not theoretical, not bureaucratic, and not boring.
  
  
This is a fully remote, flexible contract role. If you can write clean code and explain your reasoning, we want to hear from you.
  
  

* Organization: Alignerr
* Type: Hourly Contract
* Location: Remote
* Commitment: 10–40 hours/week

**What You'll Do**

* Write, debug, and optimize code across a range of languages, frameworks, and problem domains
* Review and evaluate AI-generated code for correctness, efficiency, readability, and best practices
* Identify bugs, logic errors, security issues, and performance bottlenecks in AI outputs
* Provide structured, detailed feedback explaining why code works — or doesn't
* Design challenging coding prompts and edge-case scenarios to stress-test AI capabilities
* Compare and rank multiple AI-generated solutions based on engineering quality
* Work independently and asynchronously — fully on your own schedule

**Who You Are**

* Proficient in one or more programming languages (Python, JavaScript, Java, C++, Go, TypeScript, or similar)
* Solid understanding of data structures, algorithms, and software design principles
* Able to read, write, and reason about code with clarity and precision
* Strong problem-solving instincts and a systematic debugging approach
* Clear written communicator — you can explain technical decisions in plain language
* Self-motivated and reliable when working independently without supervision
* Bachelor's degree in Computer Science, Software Engineering, or a related field — or equivalent practical experience

**Nice to Have**

* Experience across multiple languages or tech stacks (full-stack, backend, systems, data engineering)
* Familiarity with AI/ML concepts, LLMs, or prompt engineering
* Background in code review, technical writing, or mentoring junior developers
* Experience with cloud platforms, DevOps, or distributed systems
* Competitive programming, open-source contributions, or side projects that demonstrate your craft
* Advanced degree in Computer Science or related discipline

**Why Join Us**

* Work on cutting-edge AI projects alongside leading research labs
* Fully remote and flexible — set your own hours and work from anywhere
* Freelance autonomy with intellectually stimulating, high-impact work
* Directly influence how AI writes, understands, and reasons about code
* Sharpen your own engineering skills by evaluating diverse problems daily
* Potential for ongoing work and contract extension as new projects launch","Technology, Information and Internet","https://www.linkedin.com/company/alignerr","https://media.licdn.com/dms/image/v2/D560BAQHD7jKpwp33DA/company-logo_100_100/B56ZsP32kCG4AQ-/0/1765497858824/alignerr_logo?e=2147483647&v=beta&t=aXEU6ybrrLZQzxrFBJsuR5_rTd_Z1kcr2PBy1tZqYIc","","","","","","","","","","",""
"li-4473498589","linkedin","https://www.linkedin.com/jobs/view/4473498589","","Sr. Software Engineer - Anaplan Job","YASH Technologies Middle East","Hyderabad, Telangana, India","2026-10-05","fulltime","","","","","",False,"mid-senior level","","","","We use cookies to offer you the best possible website experience. Your cookie preferences will be stored in your browser’s local storage. This includes cookies necessary for the website's operation. Additionally, you can freely decide and change any time whether you accept cookies or choose to opt out of cookies to improve website's performance, as well as cookies used to display content tailored to your interests. Your experience of the site and the services we are able to offer may be impacted if you do not accept all cookies.
  
  
Skip to main content
  
  

* Home Page

+ Home Page
+ Life At YASH
+ Core Values

* Careers

+ Business Consulting Jobs
+ Digital Jobs
+ ERP
+ IT Infrastructure Jobs
+ Sales & Marketing Jobs
+ Software Development Jobs
+ Solution Architects Jobs

* Join Our Talent Community
* Social Media

+ LinkedIn
+ Twitter
+ Instagram
+ Facebook

Search by Keyword
  
  
Search by Location
  
  

* Home Page

+ Home Page
+ Life At YASH
+ Core Values

* Careers

+ Business Consulting Jobs
+ Digital Jobs
+ ERP
+ IT Infrastructure Jobs
+ Sales & Marketing Jobs
+ Software Development Jobs
+ Solution Architects Jobs

* Join Our Talent Community
* Social Media

+ LinkedIn
+ Twitter
+ Instagram
+ Facebook

View Profile
  
  
Employee Login
  
  
Search by Keyword
  
  
Search by Location
  
  
Show More Options
  
  
Loading...
  
  
Requisition ID
  
  
All
  
  
**Skills**
All
  
  
**Select How Often (in Days) To Receive An Alert:**
Create Alert
  
  
**Select How Often (in Days) To Receive An Alert:**
Apply now »
  
  

* Apply Now
* Start apply with LinkedIn
* Please wait...

Sr. Software Engineer - Anaplan Job
  
  
Date: Oct 4, 2026
  
  
Job Requisition Id: 66219
  
  
Location:
  
  
Hyderabad, TG, IN
  
  
YASH Technologies is a leading technology integrator specializing in helping clients reimagine operating models, enhance competitiveness, optimize costs, foster exceptional stakeholder experiences, and drive business transformation.
  
  
At YASH, we’re a cluster of the brightest stars working with cutting-edge technologies. Our purpose is anchored in a single truth – bringing real positive changes in an increasingly virtual world and it drives us beyond generational gaps and disruptions of the future.
  
  
**We are looking forward to hire Anaplan Professionals in the following areas :**
****Job Descreption:****
**About the Job:**
We are looking for an experienced Anaplan Model Builder to join our team as an Anaplan Support Specialist. The ideal candidate will have a strong background in financial planning and analysis (FP&A) and be capable of supporting and enhancing Anaplan models to meet evolving business needs. Experience as a Solution Architect is a plus.
  
  
****Key Skill Required:****




+ Minimum 3-5 years of experience as a certified Anaplan Model Builder.
+ Experience as an Anaplan Solution Architect is highly desirable.
+ Strong understanding of financial planning and analysis (FP&A) processes.
+ Well versed with all the latest concepts in Anaplan such as PlanIQ, New UX, ALM using New UX, PLANUAL 2.
+ Strong knowledge on AWS Data Lake
+ Proficient in Anaplan modelling techniques, including modules, lists, dashboards, and data integration.
+ Excellent problem-solving and communication skills.
+ Ability to work independently and collaboratively in a fast-paced environment.

****JOB RESPONSIBILITIES:****




+ Provide day-to-day support for Anaplan models, ensuring optimal performance and user experience.
+ Collaborate with business stakeholders to gather requirements and translate them into scalable Anaplan solutions.
+ Build, maintain, and enhance Anaplan models in alignment with best practices.
+ Troubleshoot and resolve issues related to model performance, data integration, and user access.
+ Participate in planning and execution of model upgrades and enhancements.
+ Document model structures, processes, and user guides.
+ Execute periodic production runs and validate results
+ Manage end user access based on role-based security

At YASH, you are empowered to create a career that will take you to where you want to go while working in an inclusive team environment. We leverage career-oriented skilling models and optimize our collective intelligence aided with technology for continuous learning, unlearning, and relearning at a rapid pace and scale.
  
  
**Our Hyperlearning workplace is grounded upon four principles**

* Flexible work arrangements, Free spirit, and emotional positivity
* Agile self-determination, trust, transparency, and open collaboration
* All Support needed for the realization of business goals,
* Stable employment with a great atmosphere and ethical corporate culture

Apply now »
  
  

* Apply Now
* Start apply with LinkedIn
* Please wait...

**Find Similar Jobs:**

* Careers Home
* View All Jobs
* Top Jobs
* Opens in a new tab.
* Opens in a new tab.
* Opens in a new tab.
* Opens in a new tab.

Quick Links
  
  

* Blogs
* Events
* Webinars
* Media

Contact
  
  

* Contact Us

Copyright © 2020. YASH Technologies. All Rights Reserved.","Technology, Information and Internet","https://ae.linkedin.com/company/yash-technologies-middle-east-region","https://media.licdn.com/dms/image/v2/D4D0BAQGN-x8gF_qX0g/company-logo_100_100/company-logo_100_100/0/1662457255087?e=2147483647&v=beta&t=DhZUTb00SWlctUMuAfTRwYaL9AoiPh0PJhugEJroAws","","","","","","","","","","",""
"li-4475528223","linkedin","https://www.linkedin.com/jobs/view/4475528223","","Software Engineer (AI Training)","Alignerr","Gurgaon, Haryana, India","2026-10-05","contract","direct_data","hourly",20.0,100.0,"USD",False,"entry level","","","","**About The Role**
What if the code you write could directly shape how the next generation of AI understands and generates software? We're looking for Software Engineers in Gurgaon and the wider NCR region to build, evaluate, and improve AI-generated code — helping train AI systems to think like real developers.
  
  
You'll write solutions, review AI outputs, and provide the expert-level feedback that makes AI coding assistants smarter, safer, and more reliable. This is hands-on engineering work at the frontier of AI development — not theoretical, not bureaucratic, and not boring.
  
  
This is a fully remote, flexible contract role. If you can write clean code and explain your reasoning, we want to hear from you.
  
  

* Organization: Alignerr
* Type: Hourly Contract
* Location: Remote
* Commitment: 10–40 hours/week

**What You'll Do**

* Write, debug, and optimize code across a range of languages, frameworks, and problem domains
* Review and evaluate AI-generated code for correctness, efficiency, readability, and best practices
* Identify bugs, logic errors, security issues, and performance bottlenecks in AI outputs
* Provide structured, detailed feedback explaining why code works — or doesn't
* Design challenging coding prompts and edge-case scenarios to stress-test AI capabilities
* Compare and rank multiple AI-generated solutions based on engineering quality
* Work independently and asynchronously — fully on your own schedule

**Who You Are**

* Proficient in one or more programming languages (Python, JavaScript, Java, C++, Go, TypeScript, or similar)
* Solid understanding of data structures, algorithms, and software design principles
* Able to read, write, and reason about code with clarity and precision
* Strong problem-solving instincts and a systematic debugging approach
* Clear written communicator — you can explain technical decisions in plain language
* Self-motivated and reliable when working independently without supervision
* Bachelor's degree in Computer Science, Software Engineering, or a related field — or equivalent practical experience

**Nice to Have**

* Experience across multiple languages or tech stacks (full-stack, backend, systems, data engineering)
* Familiarity with AI/ML concepts, LLMs, or prompt engineering
* Background in code review, technical writing, or mentoring junior developers
* Experience with cloud platforms, DevOps, or distributed systems
* Competitive programming, open-source contributions, or side projects that demonstrate your craft
* Advanced degree in Computer Science or related discipline

**Why Join Us**

* Work on cutting-edge AI projects alongside leading research labs
* Fully remote and flexible — set your own hours and work from anywhere
* Freelance autonomy with intellectually stimulating, high-impact work
* Directly influence how AI writes, understands, and reasons about code
* Sharpen your own engineering skills by evaluating diverse problems daily
* Potential for ongoing work and contract extension as new projects launch","Technology, Information and Internet","https://www.linkedin.com/company/alignerr","https://media.licdn.com/dms/image/v2/D560BAQHD7jKpwp33DA/company-logo_100_100/B56ZsP32kCG4AQ-/0/1765497858824/alignerr_logo?e=2147483647&v=beta&t=aXEU6ybrrLZQzxrFBJsuR5_rTd_Z1kcr2PBy1tZqYIc","","","","","","","","","","",""
"li-4475521471","linkedin","https://www.linkedin.com/jobs/view/4475521471","","Software Engineer (AI Training)","Alignerr","Gurgaon, Haryana, India","2026-10-05","contract","direct_data","hourly",20.0,100.0,"USD",False,"entry level","","","","**About The Role**
What if the code you write could directly shape how the next generation of AI understands and generates software? We're looking for Software Engineers in Gurgaon to build, evaluate, and improve AI-generated code — helping train AI systems to think like real developers.
  
  
You'll write solutions, review AI outputs, and provide the expert-level feedback that makes AI coding assistants smarter, safer, and more reliable. This is hands-on engineering work at the frontier of AI development — not theoretical, not bureaucratic, and not boring.
  
  
This is a fully remote, flexible contract role. If you can write clean code and explain your reasoning, we want to hear from you.
  
  

* Organization: Alignerr
* Type: Hourly Contract
* Location: Remote
* Commitment: 10–40 hours/week

**What You'll Do**

* Write, debug, and optimize code across a range of languages, frameworks, and problem domains
* Review and evaluate AI-generated code for correctness, efficiency, readability, and best practices
* Identify bugs, logic errors, security issues, and performance bottlenecks in AI outputs
* Provide structured, detailed feedback explaining why code works — or doesn't
* Design challenging coding prompts and edge-case scenarios to stress-test AI capabilities
* Compare and rank multiple AI-generated solutions based on engineering quality
* Work independently and asynchronously — fully on your own schedule

**Who You Are**

* Proficient in one or more programming languages (Python, JavaScript, Java, C++, Go, TypeScript, or similar)
* Solid understanding of data structures, algorithms, and software design principles
* Able to read, write, and reason about code with clarity and precision
* Strong problem-solving instincts and a systematic debugging approach
* Clear written communicator — you can explain technical decisions in plain language
* Self-motivated and reliable when working independently without supervision
* Bachelor's degree in Computer Science, Software Engineering, or a related field — or equivalent practical experience

**Nice to Have**

* Experience across multiple languages or tech stacks — full-stack, backend, systems, or data engineering
* Familiarity with AI/ML concepts, LLMs, or prompt engineering
* Background in code review, technical writing, or mentoring junior developers
* Experience with cloud platforms, DevOps, or distributed systems
* Competitive programming, open-source contributions, or side projects that demonstrate your craft
* Advanced degree in Computer Science or a related discipline

**Why Join Us**

* Work on cutting-edge AI projects alongside leading research labs
* Fully remote and flexible — set your own hours and work from anywhere
* Freelance autonomy with intellectually stimulating, high-impact work
* Directly influence how AI writes, understands, and reasons about code
* Sharpen your own engineering skills by evaluating diverse problems daily
* Potential for ongoing work and contract extension as new projects launch","Technology, Information and Internet","https://www.linkedin.com/company/alignerr","https://media.licdn.com/dms/image/v2/D560BAQHD7jKpwp33DA/company-logo_100_100/B56ZsP32kCG4AQ-/0/1765497858824/alignerr_logo?e=2147483647&v=beta&t=aXEU6ybrrLZQzxrFBJsuR5_rTd_Z1kcr2PBy1tZqYIc","","","","","","","","","","",""
"li-4475529207","linkedin","https://www.linkedin.com/jobs/view/4475529207","","Back End Developer (AI Infrastructure)","Alignerr","Bengaluru, Karnataka, India","2026-10-05","contract","direct_data","hourly",20.0,100.0,"USD",False,"entry level","","","","**About The Role**
What if the code you write could directly power the AI systems shaping how millions of people interact with technology? We're looking for Back End Developers in Bangalore to design, build, and optimize the server-side systems and APIs that drive cutting-edge AI products — from data pipelines and model-serving infrastructure to scalable microservices that handle real-world traffic at scale.
  
  
This is a fully remote, flexible contract role. Whether you're a seasoned engineer looking for meaningful project work or a strong developer ready to apply your skills to AI-adjacent infrastructure, this is your chance to build things that matter.
  
  

* Organization: Alignerr
* Type: Hourly Contract
* Location: Remote
* Commitment: 10–40 hours/week

**What You'll Do**

* Design, develop, and maintain robust back end services, APIs, and data pipelines
* Build scalable, high-performance server-side architecture to support AI training and inference workloads
* Write clean, well-documented, and testable code following engineering best practices
* Integrate with databases, message queues, cloud services, and third-party APIs
* Optimize system performance, reliability, and scalability as usage grows
* Collaborate asynchronously with distributed teams of engineers, researchers, and product leads
* Troubleshoot production issues, conduct code reviews, and contribute to architectural decisions
* Work independently on task-based and project-based assignments on your own schedule

**Who You Are**

* Proficient in one or more back end languages — Python, Go, Java, Node.js, Rust, or similar
* Solid understanding of RESTful API design, microservices architecture, and distributed systems
* Experienced with relational and/or NoSQL databases (PostgreSQL, MongoDB, Redis, etc.)
* Comfortable working with cloud platforms such as AWS, GCP, or Azure
* Familiar with version control (Git), CI/CD pipelines, and containerization (Docker, Kubernetes)
* Strong problem-solving skills and the ability to debug complex systems independently
* Self-motivated, reliable, and effective when working asynchronously without close supervision
* Clear communicator who can document decisions and collaborate across time zones

**Nice to Have**

* Experience building infrastructure for machine learning or AI systems
* Familiarity with data processing frameworks (Apache Kafka, Spark, Airflow, or similar)
* Background in performance optimization, caching strategies, or high-throughput systems
* Knowledge of authentication, authorization, and security best practices
* Experience with serverless architectures or event-driven design patterns
* Contributions to open-source projects or a strong GitHub portfolio

**Why Join Us**

* Work on cutting-edge AI infrastructure projects alongside leading research labs
* Fully remote and flexible — set your own hours and work from anywhere
* Freelance autonomy with access to meaningful, technically challenging work
* Build systems at the intersection of software engineering and artificial intelligence
* Collaborate with a global network of talented engineers and researchers
* Potential for ongoing work and contract extension as new projects launch","Technology, Information and Internet","https://www.linkedin.com/company/alignerr","https://media.licdn.com/dms/image/v2/D560BAQHD7jKpwp33DA/company-logo_100_100/B56ZsP32kCG4AQ-/0/1765497858824/alignerr_logo?e=2147483647&v=beta&t=aXEU6ybrrLZQzxrFBJsuR5_rTd_Z1kcr2PBy1tZqYIc","","","","","","","","","","",""
"li-4475524492","linkedin","https://www.linkedin.com/jobs/view/4475524492","","Software Engineer (AI Training)","Alignerr","Gurgaon, Haryana, India","2026-10-05","contract","direct_data","hourly",20.0,100.0,"USD",False,"entry level","","","","**About The Role**
What if the code you write could directly shape how the next generation of AI understands and generates software? We're looking for Software Engineers in Gurgaon to build, evaluate, and improve AI-generated code — helping train AI systems to think like real developers.
  
  
You'll write solutions, review AI outputs, and provide the expert-level feedback that makes AI coding assistants smarter, safer, and more reliable. This is hands-on engineering work at the frontier of AI development — not theoretical, not bureaucratic, and not boring.
  
  
This is a fully remote, flexible contract role. If you can write clean code and explain your reasoning, we want to hear from you.
  
  

* Organization: Alignerr
* Type: Hourly Contract
* Location: Remote
* Commitment: 10–40 hours/week

**What You'll Do**

* Write, debug, and optimize code across a range of languages, frameworks, and problem domains
* Review and evaluate AI-generated code for correctness, efficiency, readability, and best practices
* Identify bugs, logic errors, security issues, and performance bottlenecks in AI outputs
* Provide structured, detailed feedback explaining why code works — or doesn't
* Design challenging coding prompts and edge-case scenarios to stress-test AI capabilities
* Compare and rank multiple AI-generated solutions based on engineering quality
* Work independently and asynchronously — fully on your own schedule

**Who You Are**

* Proficient in one or more programming languages (Python, JavaScript, Java, C++, Go, TypeScript, or similar)
* Solid understanding of data structures, algorithms, and software design principles
* Able to read, write, and reason about code with clarity and precision
* Strong problem-solving instincts and a systematic debugging approach
* Clear written communicator — you can explain technical decisions in plain language
* Self-motivated and reliable when working independently without supervision
* Bachelor's degree in Computer Science, Software Engineering, or a related field — or equivalent practical experience

**Nice to Have**

* Experience across multiple languages or tech stacks (full-stack, backend, systems, data engineering)
* Familiarity with AI/ML concepts, LLMs, or prompt engineering
* Background in code review, technical writing, or mentoring junior developers
* Experience with cloud platforms, DevOps, or distributed systems
* Competitive programming, open-source contributions, or side projects that demonstrate your craft
* Advanced degree in Computer Science or related discipline

**Why Join Us**

* Work on cutting-edge AI projects alongside leading research labs
* Fully remote and flexible — set your own hours and work from anywhere
* Freelance autonomy with intellectually stimulating, high-impact work
* Directly influence how AI writes, understands, and reasons about code
* Sharpen your own engineering skills by evaluating diverse problems daily
* Potential for ongoing work and contract extension as new projects launch","Technology, Information and Internet","https://www.linkedin.com/company/alignerr","https://media.licdn.com/dms/image/v2/D560BAQHD7jKpwp33DA/company-logo_100_100/B56ZsP32kCG4AQ-/0/1765497858824/alignerr_logo?e=2147483647&v=beta&t=aXEU6ybrrLZQzxrFBJsuR5_rTd_Z1kcr2PBy1tZqYIc","","","","","","","","","","",""
"li-4475516801","linkedin","https://www.linkedin.com/jobs/view/4475516801","","Software Engineer (AI Training)","Alignerr","Gurgaon, Haryana, India","2026-10-05","contract","direct_data","hourly",20.0,100.0,"USD",False,"entry level","","","","**About The Role**
What if the code you write could directly shape how the next generation of AI understands and generates software? We're looking for Software Engineers in Gurgaon to build, evaluate, and improve AI-generated code — helping train AI systems to think like real developers.
  
  
You'll write solutions, review AI outputs, and provide the expert-level feedback that makes AI coding assistants smarter, safer, and more reliable. This is hands-on engineering work at the frontier of AI development — not theoretical, not bureaucratic, and not boring.
  
  
This is a fully remote, flexible contract role. If you can write clean code and explain your reasoning, we want to hear from you.
  
  

* Organization: Alignerr
* Type: Hourly Contract
* Location: Remote
* Commitment: 10–40 hours/week

**What You'll Do**

* Write, debug, and optimize code across a range of languages, frameworks, and problem domains
* Review and evaluate AI-generated code for correctness, efficiency, readability, and best practices
* Identify bugs, logic errors, security issues, and performance bottlenecks in AI outputs
* Provide structured, detailed feedback explaining why code works — or doesn't
* Design challenging coding prompts and edge-case scenarios to stress-test AI capabilities
* Compare and rank multiple AI-generated solutions based on engineering quality
* Work independently and asynchronously — fully on your own schedule

**Who You Are**

* Proficient in one or more programming languages (Python, JavaScript, Java, C++, Go, TypeScript, or similar)
* Solid understanding of data structures, algorithms, and software design principles
* Able to read, write, and reason about code with clarity and precision
* Strong problem-solving instincts and a systematic debugging approach
* Clear written communicator — you can explain technical decisions in plain language
* Self-motivated and reliable when working independently without supervision
* Bachelor's degree in Computer Science, Software Engineering, or a related field — or equivalent practical experience

**Nice to Have**

* Experience across multiple languages or tech stacks (full-stack, backend, systems, data engineering)
* Familiarity with AI/ML concepts, LLMs, or prompt engineering
* Background in code review, technical writing, or mentoring junior developers
* Experience with cloud platforms, DevOps, or distributed systems
* Competitive programming, open-source contributions, or side projects that demonstrate your craft
* Advanced degree in Computer Science or related discipline

**Why Join Us**

* Work on cutting-edge AI projects alongside leading research labs
* Fully remote and flexible — set your own hours and work from anywhere
* Freelance autonomy with intellectually stimulating, high-impact work
* Directly influence how AI writes, understands, and reasons about code
* Sharpen your own engineering skills by evaluating diverse problems daily
* Potential for ongoing work and contract extension as new projects launch","Technology, Information and Internet","https://www.linkedin.com/company/alignerr","https://media.licdn.com/dms/image/v2/D560BAQHD7jKpwp33DA/company-logo_100_100/B56ZsP32kCG4AQ-/0/1765497858824/alignerr_logo?e=2147483647&v=beta&t=aXEU6ybrrLZQzxrFBJsuR5_rTd_Z1kcr2PBy1tZqYIc","","","","","","","","","","",""
"li-4475523208","linkedin","https://www.linkedin.com/jobs/view/4475523208","","TECHNICAL LEAD L1","Wipro","Hyderabad, Telangana, India","2026-10-05","fulltime","","","","","",False,"not applicable","","","","Job description:
  
  
Job Description
**Role Purpose**

The purpose of this role is to facilitate application solutions by developing and  reviewing module-level codes, creating replication patterns, performing root cause analysis to identify recurring issues and collaborating with internal and external stakeholders to ensure stable, well-documented deliverables that meet business objectives.

͏

Areas of responsibility

Gathering of requirements-Participate in gathering requirements for specific modules and ensure clear, structured documentation. Work across multiple business processes to capture linkages, dependencies, and required changes.

͏

Solution Design-Facilitate creation of application solution designs for a specific module under the guidance of the Project Manager, ensuring alignment with business requirements and technical standards.

͏

Coding and Configuration-""Review the developed codes, resolve technical queries of the team for the assigned module and create consistent replication patterns, to ensure that the developed code aligns with the project standards.Collaborate with project managers through all phases of software development life cycle.""

͏

Perform root-cause analysis to identify and troubleshoot recurring technical issues. Modify software codes to resolve errors, adapt to new hardware and software, enhance performance, and upgrade interfaces.""

Implementation-""Collaborate with technical teams to validate configurations, facilitate integration of new applications, and address dependencies during deployment. Prepare user training documents and related frameworks to ensure smooth adoption new applications and minimize transition risks.""

Mandatory Skills: Playwright
  
.

Experience: 5-8 Years
  
.

Reinvent your world. We are building a modern Wipro. We are an end-to-end digital transformation partner with the boldest ambitions. To realize them, we need people inspired by reinvention. Of yourself, your career, and your skills. We want to see the constant evolution of our business and our industry. It has always been in our DNA - as the world around us changes, so do we. Join a business powered by purpose and a place that empowers you to design your own reinvention.","IT Services and IT Consulting","https://in.linkedin.com/company/wipro","https://media.licdn.com/dms/image/v2/D4E0BAQFTFdGNe-V9tw/company-logo_100_100/B4EZpFMu4WIQAQ-/0/1762097557732?e=2147483647&v=beta&t=ou5vQOksNDH68avQwV6fPk4vX3nYe_Vc_K1zSfm9PFg","","","","","","","","","","",""
"li-4475530075","linkedin","https://www.linkedin.com/jobs/view/4475530075","","TECHNICAL LEAD L1","Wipro","Hyderabad, Telangana, India","2026-10-05","fulltime","","","","","",False,"not applicable","","","","Job description:
  
  
Job Description
**Role Purpose**

The purpose of this role is to facilitate application solutions by developing and  reviewing module-level codes, creating replication patterns, performing root cause analysis to identify recurring issues and collaborating with internal and external stakeholders to ensure stable, well-documented deliverables that meet business objectives.

͏

Areas of responsibility

Gathering of requirements-Participate in gathering requirements for specific modules and ensure clear, structured documentation. Work across multiple business processes to capture linkages, dependencies, and required changes.

͏

Solution Design-Facilitate creation of application solution designs for a specific module under the guidance of the Project Manager, ensuring alignment with business requirements and technical standards.

͏

Coding and Configuration-""Review the developed codes, resolve technical queries of the team for the assigned module and create consistent replication patterns, to ensure that the developed code aligns with the project standards.Collaborate with project managers through all phases of software development life cycle.""

͏

Perform root-cause analysis to identify and troubleshoot recurring technical issues. Modify software codes to resolve errors, adapt to new hardware and software, enhance performance, and upgrade interfaces.""

Implementation-""Collaborate with technical teams to validate configurations, facilitate integration of new applications, and address dependencies during deployment. Prepare user training documents and related frameworks to ensure smooth adoption new applications and minimize transition risks.""

Mandatory Skills: JAX-RS - Java API- RESTful Web Services
  
.

Experience: 5-8 Years
  
.

Reinvent your world. We are building a modern Wipro. We are an end-to-end digital transformation partner with the boldest ambitions. To realize them, we need people inspired by reinvention. Of yourself, your career, and your skills. We want to see the constant evolution of our business and our industry. It has always been in our DNA - as the world around us changes, so do we. Join a business powered by purpose and a place that empowers you to design your own reinvention.","IT Services and IT Consulting","https://in.linkedin.com/company/wipro","https://media.licdn.com/dms/image/v2/D4E0BAQFTFdGNe-V9tw/company-logo_100_100/B4EZpFMu4WIQAQ-/0/1762097557732?e=2147483647&v=beta&t=ou5vQOksNDH68avQwV6fPk4vX3nYe_Vc_K1zSfm9PFg","","","","","","","","","","",""
"li-4475510904","linkedin","https://www.linkedin.com/jobs/view/4475510904","","TECHNICAL LEAD L1","Wipro","Bengaluru, Karnataka, India","2026-10-05","fulltime","","","","","",False,"not applicable","","","","Job description:
  
  
Job Description
**Role Purpose**

The purpose of this role is to facilitate application solutions by developing and  reviewing module-level codes, creating replication patterns, performing root cause analysis to identify recurring issues and collaborating with internal and external stakeholders to ensure stable, well-documented deliverables that meet business objectives.

͏

Areas of responsibility

Gathering of requirements-Participate in gathering requirements for specific modules and ensure clear, structured documentation. Work across multiple business processes to capture linkages, dependencies, and required changes.

͏

Solution Design-Facilitate creation of application solution designs for a specific module under the guidance of the Project Manager, ensuring alignment with business requirements and technical standards.

͏

Coding and Configuration-""Review the developed codes, resolve technical queries of the team for the assigned module and create consistent replication patterns, to ensure that the developed code aligns with the project standards.Collaborate with project managers through all phases of software development life cycle.""

͏

Perform root-cause analysis to identify and troubleshoot recurring technical issues. Modify software codes to resolve errors, adapt to new hardware and software, enhance performance, and upgrade interfaces.""

Implementation-""Collaborate with technical teams to validate configurations, facilitate integration of new applications, and address dependencies during deployment. Prepare user training documents and related frameworks to ensure smooth adoption new applications and minimize transition risks.""

Mandatory Skills: EDI
  
.

Experience: 5-8 Years
  
.

Reinvent your world. We are building a modern Wipro. We are an end-to-end digital transformation partner with the boldest ambitions. To realize them, we need people inspired by reinvention. Of yourself, your career, and your skills. We want to see the constant evolution of our business and our industry. It has always been in our DNA - as the world around us changes, so do we. Join a business powered by purpose and a place that empowers you to design your own reinvention.","IT Services and IT Consulting","https://in.linkedin.com/company/wipro","https://media.licdn.com/dms/image/v2/D4E0BAQFTFdGNe-V9tw/company-logo_100_100/B4EZpFMu4WIQAQ-/0/1762097557732?e=2147483647&v=beta&t=ou5vQOksNDH68avQwV6fPk4vX3nYe_Vc_K1zSfm9PFg","","","","","","","","","","",""
"li-4475525250","linkedin","https://www.linkedin.com/jobs/view/4475525250","","TECHNICAL LEAD L1","Wipro","Bengaluru, Karnataka, India","2026-10-05","fulltime","","","","","",False,"not applicable","","","","Job description:
  
  
Job Description
**Role Purpose**

The purpose of this role is to facilitate application solutions by developing and  reviewing module-level codes, creating replication patterns, performing root cause analysis to identify recurring issues and collaborating with internal and external stakeholders to ensure stable, well-documented deliverables that meet business objectives.

͏

Areas of responsibility

Gathering of requirements-Participate in gathering requirements for specific modules and ensure clear, structured documentation. Work across multiple business processes to capture linkages, dependencies, and required changes.

͏

Solution Design-Facilitate creation of application solution designs for a specific module under the guidance of the Project Manager, ensuring alignment with business requirements and technical standards.

͏

Coding and Configuration-""Review the developed codes, resolve technical queries of the team for the assigned module and create consistent replication patterns, to ensure that the developed code aligns with the project standards.Collaborate with project managers through all phases of software development life cycle.""

͏

Perform root-cause analysis to identify and troubleshoot recurring technical issues. Modify software codes to resolve errors, adapt to new hardware and software, enhance performance, and upgrade interfaces.""

Implementation-""Collaborate with technical teams to validate configurations, facilitate integration of new applications, and address dependencies during deployment. Prepare user training documents and related frameworks to ensure smooth adoption new applications and minimize transition risks.""

Mandatory Skills: EDI
  
.

Experience: 5-8 Years
  
.

Reinvent your world. We are building a modern Wipro. We are an end-to-end digital transformation partner with the boldest ambitions. To realize them, we need people inspired by reinvention. Of yourself, your career, and your skills. We want to see the constant evolution of our business and our industry. It has always been in our DNA - as the world around us changes, so do we. Join a business powered by purpose and a place that empowers you to design your own reinvention.","IT Services and IT Consulting","https://in.linkedin.com/company/wipro","https://media.licdn.com/dms/image/v2/D4E0BAQFTFdGNe-V9tw/company-logo_100_100/B4EZpFMu4WIQAQ-/0/1762097557732?e=2147483647&v=beta&t=ou5vQOksNDH68avQwV6fPk4vX3nYe_Vc_K1zSfm9PFg","","","","","","","","","","",""
"li-4475523210","linkedin","https://www.linkedin.com/jobs/view/4475523210","","TECHNICAL LEAD L1","Wipro","Pune Division, Maharashtra, India","2026-10-05","fulltime","","","","","",False,"not applicable","","","","Job description:
  
  
Job Description
**Role Purpose**

The purpose of this role is to facilitate application solutions by developing and  reviewing module-level codes, creating replication patterns, performing root cause analysis to identify recurring issues and collaborating with internal and external stakeholders to ensure stable, well-documented deliverables that meet business objectives.

͏

Areas of responsibility

Gathering of requirements-Participate in gathering requirements for specific modules and ensure clear, structured documentation. Work across multiple business processes to capture linkages, dependencies, and required changes.

͏

Solution Design-Facilitate creation of application solution designs for a specific module under the guidance of the Project Manager, ensuring alignment with business requirements and technical standards.

͏

Coding and Configuration-""Review the developed codes, resolve technical queries of the team for the assigned module and create consistent replication patterns, to ensure that the developed code aligns with the project standards.Collaborate with project managers through all phases of software development life cycle.""

͏

Perform root-cause analysis to identify and troubleshoot recurring technical issues. Modify software codes to resolve errors, adapt to new hardware and software, enhance performance, and upgrade interfaces.""

Implementation-""Collaborate with technical teams to validate configurations, facilitate integration of new applications, and address dependencies during deployment. Prepare user training documents and related frameworks to ensure smooth adoption new applications and minimize transition risks.""

Mandatory Skills: Fullstack Java Enterprise
  
.

Experience: 5-8 Years
  
.

Reinvent your world. We are building a modern Wipro. We are an end-to-end digital transformation partner with the boldest ambitions. To realize them, we need people inspired by reinvention. Of yourself, your career, and your skills. We want to see the constant evolution of our business and our industry. It has always been in our DNA - as the world around us changes, so do we. Join a business powered by purpose and a place that empowers you to design your own reinvention.","IT Services and IT Consulting","https://in.linkedin.com/company/wipro","https://media.licdn.com/dms/image/v2/D4E0BAQFTFdGNe-V9tw/company-logo_100_100/B4EZpFMu4WIQAQ-/0/1762097557732?e=2147483647&v=beta&t=ou5vQOksNDH68avQwV6fPk4vX3nYe_Vc_K1zSfm9PFg","","","","","","","","","","",""
"li-4475523206","linkedin","https://www.linkedin.com/jobs/view/4475523206","","TECHNICAL LEAD L1","Wipro","Bengaluru, Karnataka, India","2026-10-05","fulltime","","","","","",False,"not applicable","","","","Job description:
  
  
Job Description
**Role Purpose**

The purpose of this role is to facilitate application solutions by developing and  reviewing module-level codes, creating replication patterns, performing root cause analysis to identify recurring issues and collaborating with internal and external stakeholders to ensure stable, well-documented deliverables that meet business objectives.

͏

Areas of responsibility

Gathering of requirements-Participate in gathering requirements for specific modules and ensure clear, structured documentation. Work across multiple business processes to capture linkages, dependencies, and required changes.

͏

Solution Design-Facilitate creation of application solution designs for a specific module under the guidance of the Project Manager, ensuring alignment with business requirements and technical standards.

͏

Coding and Configuration-""Review the developed codes, resolve technical queries of the team for the assigned module and create consistent replication patterns, to ensure that the developed code aligns with the project standards.Collaborate with project managers through all phases of software development life cycle.""

͏

Perform root-cause analysis to identify and troubleshoot recurring technical issues. Modify software codes to resolve errors, adapt to new hardware and software, enhance performance, and upgrade interfaces.""

Implementation-""Collaborate with technical teams to validate configurations, facilitate integration of new applications, and address dependencies during deployment. Prepare user training documents and related frameworks to ensure smooth adoption new applications and minimize transition risks.""

Mandatory Skills: Cloud Engineering GCP
  
.

Experience: 5-8 Years
  
.

Reinvent your world. We are building a modern Wipro. We are an end-to-end digital transformation partner with the boldest ambitions. To realize them, we need people inspired by reinvention. Of yourself, your career, and your skills. We want to see the constant evolution of our business and our industry. It has always been in our DNA - as the world around us changes, so do we. Join a business powered by purpose and a place that empowers you to design your own reinvention.","IT Services and IT Consulting","https://in.linkedin.com/company/wipro","https://media.licdn.com/dms/image/v2/D4E0BAQFTFdGNe-V9tw/company-logo_100_100/B4EZpFMu4WIQAQ-/0/1762097557732?e=2147483647&v=beta&t=ou5vQOksNDH68avQwV6fPk4vX3nYe_Vc_K1zSfm9PFg","","","","","","","","","","",""
"li-4475526186","linkedin","https://www.linkedin.com/jobs/view/4475526186","","TECHNICAL LEAD L1","Wipro","Bengaluru, Karnataka, India","2026-10-05","fulltime","","","","","",False,"not applicable","","","","Job description:
  
  
Job Description
**Role Purpose**

The purpose of this role is to facilitate application solutions by developing and  reviewing module-level codes, creating replication patterns, performing root cause analysis to identify recurring issues and collaborating with internal and external stakeholders to ensure stable, well-documented deliverables that meet business objectives.

͏

Areas of responsibility

Gathering of requirements-Participate in gathering requirements for specific modules and ensure clear, structured documentation. Work across multiple business processes to capture linkages, dependencies, and required changes.

͏

Solution Design-Facilitate creation of application solution designs for a specific module under the guidance of the Project Manager, ensuring alignment with business requirements and technical standards.

͏

Coding and Configuration-""Review the developed codes, resolve technical queries of the team for the assigned module and create consistent replication patterns, to ensure that the developed code aligns with the project standards.Collaborate with project managers through all phases of software development life cycle.""

͏

Perform root-cause analysis to identify and troubleshoot recurring technical issues. Modify software codes to resolve errors, adapt to new hardware and software, enhance performance, and upgrade interfaces.""

Implementation-""Collaborate with technical teams to validate configurations, facilitate integration of new applications, and address dependencies during deployment. Prepare user training documents and related frameworks to ensure smooth adoption new applications and minimize transition risks.""

Mandatory Skills: Playwright
  
.

Experience: 5-8 Years
  
.

Reinvent your world. We are building a modern Wipro. We are an end-to-end digital transformation partner with the boldest ambitions. To realize them, we need people inspired by reinvention. Of yourself, your career, and your skills. We want to see the constant evolution of our business and our industry. It has always been in our DNA - as the world around us changes, so do we. Join a business powered by purpose and a place that empowers you to design your own reinvention.","IT Services and IT Consulting","https://in.linkedin.com/company/wipro","https://media.licdn.com/dms/image/v2/D4E0BAQFTFdGNe-V9tw/company-logo_100_100/B4EZpFMu4WIQAQ-/0/1762097557732?e=2147483647&v=beta&t=ou5vQOksNDH68avQwV6fPk4vX3nYe_Vc_K1zSfm9PFg","","","","","","","","","","",""
"li-4475518443","linkedin","https://www.linkedin.com/jobs/view/4475518443","","TECHNICAL LEAD L1","Wipro","Bengaluru, Karnataka, India","2026-10-05","fulltime","","","","","",False,"not applicable","","","","Job description:
  
  
Job Description
**Role Purpose**

The purpose of this role is to facilitate application solutions by developing and  reviewing module-level codes, creating replication patterns, performing root cause analysis to identify recurring issues and collaborating with internal and external stakeholders to ensure stable, well-documented deliverables that meet business objectives.

͏

Areas of responsibility

Gathering of requirements-Participate in gathering requirements for specific modules and ensure clear, structured documentation. Work across multiple business processes to capture linkages, dependencies, and required changes.

͏

Solution Design-Facilitate creation of application solution designs for a specific module under the guidance of the Project Manager, ensuring alignment with business requirements and technical standards.

͏

Coding and Configuration-""Review the developed codes, resolve technical queries of the team for the assigned module and create consistent replication patterns, to ensure that the developed code aligns with the project standards.Collaborate with project managers through all phases of software development life cycle.""

͏

Perform root-cause analysis to identify and troubleshoot recurring technical issues. Modify software codes to resolve errors, adapt to new hardware and software, enhance performance, and upgrade interfaces.""

Implementation-""Collaborate with technical teams to validate configurations, facilitate integration of new applications, and address dependencies during deployment. Prepare user training documents and related frameworks to ensure smooth adoption new applications and minimize transition risks.""

Mandatory Skills: Playwright
  
.

Experience: 5-8 Years
  
.

Reinvent your world. We are building a modern Wipro. We are an end-to-end digital transformation partner with the boldest ambitions. To realize them, we need people inspired by reinvention. Of yourself, your career, and your skills. We want to see the constant evolution of our business and our industry. It has always been in our DNA - as the world around us changes, so do we. Join a business powered by purpose and a place that empowers you to design your own reinvention.","IT Services and IT Consulting","https://in.linkedin.com/company/wipro","https://media.licdn.com/dms/image/v2/D4E0BAQFTFdGNe-V9tw/company-logo_100_100/B4EZpFMu4WIQAQ-/0/1762097557732?e=2147483647&v=beta&t=ou5vQOksNDH68avQwV6fPk4vX3nYe_Vc_K1zSfm9PFg","","","","","","","","","","",""
"li-4475520329","linkedin","https://www.linkedin.com/jobs/view/4475520329","","TECHNICAL LEAD L1","Wipro","Bengaluru, Karnataka, India","2026-10-05","fulltime","","","","","",False,"not applicable","","","","Job description:
  
  
Job Description
**Role Purpose**

The purpose of this role is to facilitate application solutions by developing and  reviewing module-level codes, creating replication patterns, performing root cause analysis to identify recurring issues and collaborating with internal and external stakeholders to ensure stable, well-documented deliverables that meet business objectives.

͏

Areas of responsibility

Gathering of requirements-Participate in gathering requirements for specific modules and ensure clear, structured documentation. Work across multiple business processes to capture linkages, dependencies, and required changes.

͏

Solution Design-Facilitate creation of application solution designs for a specific module under the guidance of the Project Manager, ensuring alignment with business requirements and technical standards.

͏

Coding and Configuration-""Review the developed codes, resolve technical queries of the team for the assigned module and create consistent replication patterns, to ensure that the developed code aligns with the project standards.Collaborate with project managers through all phases of software development life cycle.""

͏

Perform root-cause analysis to identify and troubleshoot recurring technical issues. Modify software codes to resolve errors, adapt to new hardware and software, enhance performance, and upgrade interfaces.""

Implementation-""Collaborate with technical teams to validate configurations, facilitate integration of new applications, and address dependencies during deployment. Prepare user training documents and related frameworks to ensure smooth adoption new applications and minimize transition risks.""

Mandatory Skills: Playwright
  
.

Experience: 5-8 Years
  
.

Reinvent your world. We are building a modern Wipro. We are an end-to-end digital transformation partner with the boldest ambitions. To realize them, we need people inspired by reinvention. Of yourself, your career, and your skills. We want to see the constant evolution of our business and our industry. It has always been in our DNA - as the world around us changes, so do we. Join a business powered by purpose and a place that empowers you to design your own reinvention.","IT Services and IT Consulting","https://in.linkedin.com/company/wipro","https://media.licdn.com/dms/image/v2/D4E0BAQFTFdGNe-V9tw/company-logo_100_100/B4EZpFMu4WIQAQ-/0/1762097557732?e=2147483647&v=beta&t=ou5vQOksNDH68avQwV6fPk4vX3nYe_Vc_K1zSfm9PFg","","","","","","","","","","",""
"li-4475525256","linkedin","https://www.linkedin.com/jobs/view/4475525256","","TECHNICAL LEAD L1","Wipro","Bengaluru, Karnataka, India","2026-10-05","fulltime","","","","","",False,"not applicable","","","","Job description:
  
  
Job Description
**Role Purpose**

The purpose of this role is to facilitate application solutions by developing and  reviewing module-level codes, creating replication patterns, performing root cause analysis to identify recurring issues and collaborating with internal and external stakeholders to ensure stable, well-documented deliverables that meet business objectives.

͏

Areas of responsibility

Gathering of requirements-Participate in gathering requirements for specific modules and ensure clear, structured documentation. Work across multiple business processes to capture linkages, dependencies, and required changes.

͏

Solution Design-Facilitate creation of application solution designs for a specific module under the guidance of the Project Manager, ensuring alignment with business requirements and technical standards.

͏

Coding and Configuration-""Review the developed codes, resolve technical queries of the team for the assigned module and create consistent replication patterns, to ensure that the developed code aligns with the project standards.Collaborate with project managers through all phases of software development life cycle.""

͏

Perform root-cause analysis to identify and troubleshoot recurring technical issues. Modify software codes to resolve errors, adapt to new hardware and software, enhance performance, and upgrade interfaces.""

Implementation-""Collaborate with technical teams to validate configurations, facilitate integration of new applications, and address dependencies during deployment. Prepare user training documents and related frameworks to ensure smooth adoption new applications and minimize transition risks.""

Mandatory Skills: Android middleware framework
  
.

Experience: 5-8 Years
  
.

Reinvent your world. We are building a modern Wipro. We are an end-to-end digital transformation partner with the boldest ambitions. To realize them, we need people inspired by reinvention. Of yourself, your career, and your skills. We want to see the constant evolution of our business and our industry. It has always been in our DNA - as the world around us changes, so do we. Join a business powered by purpose and a place that empowers you to design your own reinvention.","IT Services and IT Consulting","https://in.linkedin.com/company/wipro","https://media.licdn.com/dms/image/v2/D4E0BAQFTFdGNe-V9tw/company-logo_100_100/B4EZpFMu4WIQAQ-/0/1762097557732?e=2147483647&v=beta&t=ou5vQOksNDH68avQwV6fPk4vX3nYe_Vc_K1zSfm9PFg","","","","","","","","","","",""
"li-4475511825","linkedin","https://www.linkedin.com/jobs/view/4475511825","","TECHNICAL LEAD L1","Wipro","Bengaluru, Karnataka, India","2026-10-05","fulltime","","","","","",False,"not applicable","","","","Job description:
  
  
Job Description
**Role Purpose**

The purpose of this role is to facilitate application solutions by developing and  reviewing module-level codes, creating replication patterns, performing root cause analysis to identify recurring issues and collaborating with internal and external stakeholders to ensure stable, well-documented deliverables that meet business objectives.

͏

Areas of responsibility

Gathering of requirements-Participate in gathering requirements for specific modules and ensure clear, structured documentation. Work across multiple business processes to capture linkages, dependencies, and required changes.

͏

Solution Design-Facilitate creation of application solution designs for a specific module under the guidance of the Project Manager, ensuring alignment with business requirements and technical standards.

͏

Coding and Configuration-""Review the developed codes, resolve technical queries of the team for the assigned module and create consistent replication patterns, to ensure that the developed code aligns with the project standards.Collaborate with project managers through all phases of software development life cycle.""

͏

Perform root-cause analysis to identify and troubleshoot recurring technical issues. Modify software codes to resolve errors, adapt to new hardware and software, enhance performance, and upgrade interfaces.""

Implementation-""Collaborate with technical teams to validate configurations, facilitate integration of new applications, and address dependencies during deployment. Prepare user training documents and related frameworks to ensure smooth adoption new applications and minimize transition risks.""

Mandatory Skills: JAX-RS - Java API- RESTful Web Services
  
.

Experience: 5-8 Years
  
.

Reinvent your world. We are building a modern Wipro. We are an end-to-end digital transformation partner with the boldest ambitions. To realize them, we need people inspired by reinvention. Of yourself, your career, and your skills. We want to see the constant evolution of our business and our industry. It has always been in our DNA - as the world around us changes, so do we. Join a business powered by purpose and a place that empowers you to design your own reinvention.","IT Services and IT Consulting","https://in.linkedin.com/company/wipro","https://media.licdn.com/dms/image/v2/D4E0BAQFTFdGNe-V9tw/company-logo_100_100/B4EZpFMu4WIQAQ-/0/1762097557732?e=2147483647&v=beta&t=ou5vQOksNDH68avQwV6fPk4vX3nYe_Vc_K1zSfm9PFg","","","","","","","","","","",""
"li-4475526189","linkedin","https://www.linkedin.com/jobs/view/4475526189","","TECHNICAL LEAD L1","Wipro","Bengaluru, Karnataka, India","2026-10-05","fulltime","","","","","",False,"not applicable","","","","Job description:
  
  
Job Description
**Role Purpose**

The purpose of this role is to facilitate application solutions by developing and  reviewing module-level codes, creating replication patterns, performing root cause analysis to identify recurring issues and collaborating with internal and external stakeholders to ensure stable, well-documented deliverables that meet business objectives.

͏

Areas of responsibility

Gathering of requirements-Participate in gathering requirements for specific modules and ensure clear, structured documentation. Work across multiple business processes to capture linkages, dependencies, and required changes.

͏

Solution Design-Facilitate creation of application solution designs for a specific module under the guidance of the Project Manager, ensuring alignment with business requirements and technical standards.

͏

Coding and Configuration-""Review the developed codes, resolve technical queries of the team for the assigned module and create consistent replication patterns, to ensure that the developed code aligns with the project standards.Collaborate with project managers through all phases of software development life cycle.""

͏

Perform root-cause analysis to identify and troubleshoot recurring technical issues. Modify software codes to resolve errors, adapt to new hardware and software, enhance performance, and upgrade interfaces.""

Implementation-""Collaborate with technical teams to validate configurations, facilitate integration of new applications, and address dependencies during deployment. Prepare user training documents and related frameworks to ensure smooth adoption new applications and minimize transition risks.""

Mandatory Skills: JAX-RS - Java API- RESTful Web Services
  
.

Experience: 5-8 Years
  
.

Reinvent your world. We are building a modern Wipro. We are an end-to-end digital transformation partner with the boldest ambitions. To realize them, we need people inspired by reinvention. Of yourself, your career, and your skills. We want to see the constant evolution of our business and our industry. It has always been in our DNA - as the world around us changes, so do we. Join a business powered by purpose and a place that empowers you to design your own reinvention.","IT Services and IT Consulting","https://in.linkedin.com/company/wipro","https://media.licdn.com/dms/image/v2/D4E0BAQFTFdGNe-V9tw/company-logo_100_100/B4EZpFMu4WIQAQ-/0/1762097557732?e=2147483647&v=beta&t=ou5vQOksNDH68avQwV6fPk4vX3nYe_Vc_K1zSfm9PFg","","","","","","","","","","",""
"li-4475519348","linkedin","https://www.linkedin.com/jobs/view/4475519348","","TECHNICAL LEAD L1","Wipro","Pune Division, Maharashtra, India","2026-10-05","fulltime","","","","","",False,"not applicable","","","","Job description:
  
  
Job Description
**Role Purpose**

The purpose of this role is to facilitate application solutions by developing and  reviewing module-level codes, creating replication patterns, performing root cause analysis to identify recurring issues and collaborating with internal and external stakeholders to ensure stable, well-documented deliverables that meet business objectives.

͏

Areas of responsibility

Gathering of requirements-Participate in gathering requirements for specific modules and ensure clear, structured documentation. Work across multiple business processes to capture linkages, dependencies, and required changes.

͏

Solution Design-Facilitate creation of application solution designs for a specific module under the guidance of the Project Manager, ensuring alignment with business requirements and technical standards.

͏

Coding and Configuration-""Review the developed codes, resolve technical queries of the team for the assigned module and create consistent replication patterns, to ensure that the developed code aligns with the project standards.Collaborate with project managers through all phases of software development life cycle.""

͏

Perform root-cause analysis to identify and troubleshoot recurring technical issues. Modify software codes to resolve errors, adapt to new hardware and software, enhance performance, and upgrade interfaces.""

Implementation-""Collaborate with technical teams to validate configurations, facilitate integration of new applications, and address dependencies during deployment. Prepare user training documents and related frameworks to ensure smooth adoption new applications and minimize transition risks.""

Mandatory Skills: PLM-ENOVIA-Application
  
.

Experience: 5-8 Years
  
.

Reinvent your world. We are building a modern Wipro. We are an end-to-end digital transformation partner with the boldest ambitions. To realize them, we need people inspired by reinvention. Of yourself, your career, and your skills. We want to see the constant evolution of our business and our industry. It has always been in our DNA - as the world around us changes, so do we. Join a business powered by purpose and a place that empowers you to design your own reinvention.","IT Services and IT Consulting","https://in.linkedin.com/company/wipro","https://media.licdn.com/dms/image/v2/D4E0BAQFTFdGNe-V9tw/company-logo_100_100/B4EZpFMu4WIQAQ-/0/1762097557732?e=2147483647&v=beta&t=ou5vQOksNDH68avQwV6fPk4vX3nYe_Vc_K1zSfm9PFg","","","","","","","","","","",""
"li-4475509940","linkedin","https://www.linkedin.com/jobs/view/4475509940","","TECHNICAL LEAD L1","Wipro","Pune Division, Maharashtra, India","2026-10-05","fulltime","","","","","",False,"not applicable","","","","Job description:
  
  
Job Description
**Role Purpose**

The purpose of this role is to facilitate application solutions by developing and  reviewing module-level codes, creating replication patterns, performing root cause analysis to identify recurring issues and collaborating with internal and external stakeholders to ensure stable, well-documented deliverables that meet business objectives.

͏

Areas of responsibility

Gathering of requirements-Participate in gathering requirements for specific modules and ensure clear, structured documentation. Work across multiple business processes to capture linkages, dependencies, and required changes.

͏

Solution Design-Facilitate creation of application solution designs for a specific module under the guidance of the Project Manager, ensuring alignment with business requirements and technical standards.

͏

Coding and Configuration-""Review the developed codes, resolve technical queries of the team for the assigned module and create consistent replication patterns, to ensure that the developed code aligns with the project standards.Collaborate with project managers through all phases of software development life cycle.""

͏

Perform root-cause analysis to identify and troubleshoot recurring technical issues. Modify software codes to resolve errors, adapt to new hardware and software, enhance performance, and upgrade interfaces.""

Implementation-""Collaborate with technical teams to validate configurations, facilitate integration of new applications, and address dependencies during deployment. Prepare user training documents and related frameworks to ensure smooth adoption new applications and minimize transition risks.""

Mandatory Skills: PLM-ENOVIA-Application
  
.

Experience: 5-8 Years
  
.

Reinvent your world. We are building a modern Wipro. We are an end-to-end digital transformation partner with the boldest ambitions. To realize them, we need people inspired by reinvention. Of yourself, your career, and your skills. We want to see the constant evolution of our business and our industry. It has always been in our DNA - as the world around us changes, so do we. Join a business powered by purpose and a place that empowers you to design your own reinvention.","IT Services and IT Consulting","https://in.linkedin.com/company/wipro","https://media.licdn.com/dms/image/v2/D4E0BAQFTFdGNe-V9tw/company-logo_100_100/B4EZpFMu4WIQAQ-/0/1762097557732?e=2147483647&v=beta&t=ou5vQOksNDH68avQwV6fPk4vX3nYe_Vc_K1zSfm9PFg","","","","","","","","","","",""
"li-4475526188","linkedin","https://www.linkedin.com/jobs/view/4475526188","","DEVOPS ENGINEER L4","Wipro","Pune Division, Maharashtra, India","2026-10-05","fulltime","","","","","",False,"not applicable","","","","Job description:
  
  
Job Description

**Role Purpose**
The purpose of this role is to work with Application teams and developers to facilitate better coordination amongst operations, development and testing functions by automating and streamlining the integration and deployment processes

͏

**Do**

* **Align and focus on continuous integration (CI) and continuous deployment (CD) of technology in applications**
  + Plan and Execute the DevOps pipeline that supports the application life cycle across the DevOps toolchain from planning, coding and building, testing, staging, release, configuration and monitoring
  + Manage the IT infrastructure as per the requirement of the supported software code
  + On-board an application on the DevOps tool and configure it as per the clients need
  + Create user access workflows and provide user access as per the defined process
  + Build and engineer the DevOps tool as per the customization suggested by the client
  + Collaborate with development staff to tackle the coding and scripting needed to connect elements of the code that are required to run the software release with operating systems and production infrastructure
  + Leverage and use tools to automate testing & deployment in a Dev-Ops environment
* **Provide customer support/ service on the DevOps tools**
  + Timely support internal & external customers on multiple platforms
  + Resolution of the tickets raised on these tools to be addressed & resolved within a specified TAT
  + Ensure adequate resolution with customer satisfaction
  + Follow escalation matrix/ process as soon as a resolution gets complicated or isn t resolved
  + Troubleshoot and perform root cause analysis of critical/ repeatable issues

͏

**Deliver**

**No**
**Performance Parameter**
**Measure**
1.Continuous Integration,Deployment & Monitoring100% error free on boarding & implementation2.CSATTimely customer resolution as per TAT
  
Zero escalation͏ ͏

Basic Knowledge of CI/CD Tools: Familiarity with CI/CD tools like Azure-DevOps, GitLab CI, Jenkins, or similar.
  
  
Scripting Skills: Experience with scripting languages like Bash, Python, or PowerShell.
  
  
Version Control: Understanding of version control systems like Git.
  
  
Operating Systems: Familiarity with Linux/Unix-based operating systems.
  
  
Familiarity with monitoring tools like Prometheus, Grafana, or Nagios.
  
  
Familiarity with GitOps tools like ArgoCD.

Mandatory Skills: DevOps
  
.

Experience: 5-8 Years
  
.

Reinvent your world. We are building a modern Wipro. We are an end-to-end digital transformation partner with the boldest ambitions. To realize them, we need people inspired by reinvention. Of yourself, your career, and your skills. We want to see the constant evolution of our business and our industry. It has always been in our DNA - as the world around us changes, so do we. Join a business powered by purpose and a place that empowers you to design your own reinvention.","IT Services and IT Consulting","https://in.linkedin.com/company/wipro","https://media.licdn.com/dms/image/v2/D4E0BAQFTFdGNe-V9tw/company-logo_100_100/B4EZpFMu4WIQAQ-/0/1762097557732?e=2147483647&v=beta&t=ou5vQOksNDH68avQwV6fPk4vX3nYe_Vc_K1zSfm9PFg","","","","","","","","","","",""
"li-4475528084","linkedin","https://www.linkedin.com/jobs/view/4475528084","","Java Fullstack Architect","Wipro","Chennai, Tamil Nadu, India","2026-10-05","fulltime","","","","","",False,"not applicable","","","","Job description:
  
  
Job Description

Role Purpose

The purpose of this role is to design solution architecture for cross-system interactions and business logic integration, ensuring seamless interoperability across multiple applications.

͏

Area of Responsibility

Requirement Analysis-Participate in requirement discussions with client stakeholders to define solution and implementation level needs basis the business requirements.

Designing-Create solution architecture designs to meet cross-system interactions and business logic integration requirements, ensuring system cohesion across multiple applications.

Integration assessment and support-Assess and evaluate interactions across multiple applications by evaluating implementation dependencies and integration requirements.

Troubleshooting-Support validation of solution components during implementation and ensures the solution functions as designed.

Risk Analysis and Assessment-Assist in identifying potential risks by evaluating system performance of implemented architectural solutions, to ensure efficient system landscape.

͏ ͏ ͏

Mandatory Skills: Fullstack Java Enterprise
  
.

Experience: 8-10 Years
  
.

Reinvent your world. We are building a modern Wipro. We are an end-to-end digital transformation partner with the boldest ambitions. To realize them, we need people inspired by reinvention. Of yourself, your career, and your skills. We want to see the constant evolution of our business and our industry. It has always been in our DNA - as the world around us changes, so do we. Join a business powered by purpose and a place that empowers you to design your own reinvention.","IT Services and IT Consulting","https://in.linkedin.com/company/wipro","https://media.licdn.com/dms/image/v2/D4E0BAQFTFdGNe-V9tw/company-logo_100_100/B4EZpFMu4WIQAQ-/0/1762097557732?e=2147483647&v=beta&t=ou5vQOksNDH68avQwV6fPk4vX3nYe_Vc_K1zSfm9PFg","","","","","","","","","","",""
"li-4475518446","linkedin","https://www.linkedin.com/jobs/view/4475518446","","TECHNICAL CONSULTANT L1","Wipro","Bengaluru, Karnataka, India","2026-10-05","fulltime","","","","","",False,"not applicable","","","","Job description:
  
  
Job Description

**Role:**
The technical consultant professionals will provide technical expertise to plan, analyse, define and support the delivery of technical capabilities for clients transformation, enhancement, advanced problem-solving skills and support projects.

͏

**Do:**

* Independently work as an expert in the respective SAP technical workstream for an SAP implementation/conversion/development/enhancement /support project
* High level design, detailed design and develop technical / integration solutions to meet those needs
* Work with clients to understand their business needs and processes
* Participate in technical and technology workshops to understand and deliver integration requirements
* Drive client discussions to define the integration requirements and translate the requirements to the technical solution
* Provide training and support to end-users
* Write technical specifications and test plan for development team to ensure test driven development
* Manage projects and timelines
* Provide expert support to various projects and delivery engagements as and when required
* Drive innovation/transformation agenda in large existing accounts, provide delivery
* Provide delivery support and escalation management
* Interaction with SAP and with party partners

͏

**Deliver:**

**No.**
**Performance Parameter**
**Measure**
1.

Job Knowledge

Consider existing skill levels & measure cross skills & upskills acquired to remain current on new development in respective SAP Technical module

2.

Customer Satisfaction

As defined by clients SLAs

3.

Manging change & Improvement

Measure effectiveness in initiating changes, adapting to changes from old methods when they are no longer effective

Measure overall adaptability/flexibility to move from one project to another project

4.

Functional Leadership

Measure effectiveness in accomplishing work assignments through subordinates; delegating & coordinating effectively

5.

Customer Responsiveness

Measure Responsiveness & courtesy in dealing with external customer, internal staff, teammates in courteous manner

͏ ͏

Mandatory Skills: SAP Solution Manager
  
.

Experience: 5-8 Years
  
.

Reinvent your world. We are building a modern Wipro. We are an end-to-end digital transformation partner with the boldest ambitions. To realize them, we need people inspired by reinvention. Of yourself, your career, and your skills. We want to see the constant evolution of our business and our industry. It has always been in our DNA - as the world around us changes, so do we. Join a business powered by purpose and a place that empowers you to design your own reinvention.","IT Services and IT Consulting","https://in.linkedin.com/company/wipro","https://media.licdn.com/dms/image/v2/D4E0BAQFTFdGNe-V9tw/company-logo_100_100/B4EZpFMu4WIQAQ-/0/1762097557732?e=2147483647&v=beta&t=ou5vQOksNDH68avQwV6fPk4vX3nYe_Vc_K1zSfm9PFg","","","","","","","","","","",""
"li-4475511828","linkedin","https://www.linkedin.com/jobs/view/4475511828","","VLSI ENGINEER L3","Wipro","Bengaluru, Karnataka, India","2026-10-05","fulltime","","","","","",False,"not applicable","","","","Job description:
  
  
Job Description

**Role Purpose**
The purpose of this role is to perform the development of VLSI system by defining the various functionalities, architecture, layout and implementation for a client 

͏

**Do**

**1.    Conduct verification of the module/ IP functionality and provide customer support**
a.    Understand the architecture of the module or the IP and create verification environment and the development plan as per Universal Verification Methodology
  
b.    Create test bench development and test case coding of the one or multiple module
  
c.    Write the codes or check the code as required
  
d.    Execute the test cases and debug the test cases if required
  
e.    Conduct functional coverage analysis and document the test cases including failures and debugging procedures on SharePoint/ JIRA or any other platform as directed 
  
f.    Test the entire IP functionality under regression testing and complete the documentation to publish to client
  
g.    Troubleshoot, debug and upgrade existing systems on time & with minimum latency and maximum efficiency
  
h.   Write scripts for the IP
  
i.    Comply with project plans and industry standards

**2.    Ensure reporting & documentation for the client**
a.    Ensure weekly, monthly status reports for the clients as per requirements
  
b.    Maintain documents and create a repository of all design changes, recommendations etc 
  
c.    Maintain time-sheets for the clients
  
d.    Providing written knowledge transfer/ history of the project

͏

**Deliver**

**No.**
**Performance Parameter**
**Measure**
1.    Verification    Timeliness
  
Quality of Code/ Number of defects
  
Customer responsiveness
  
Project documentation (scripts, test cases etc)2.    Self-development    Skill test for next level clearance on Trend Nxt͏ ͏

Mandatory Skills: VLSI Physical Design Packaging
  
.

Experience: 3-5 Years
  
.

Reinvent your world. We are building a modern Wipro. We are an end-to-end digital transformation partner with the boldest ambitions. To realize them, we need people inspired by reinvention. Of yourself, your career, and your skills. We want to see the constant evolution of our business and our industry. It has always been in our DNA - as the world around us changes, so do we. Join a business powered by purpose and a place that empowers you to design your own reinvention.","IT Services and IT Consulting","https://in.linkedin.com/company/wipro","https://media.licdn.com/dms/image/v2/D4E0BAQFTFdGNe-V9tw/company-logo_100_100/B4EZpFMu4WIQAQ-/0/1762097557732?e=2147483647&v=beta&t=ou5vQOksNDH68avQwV6fPk4vX3nYe_Vc_K1zSfm9PFg","","","","","","","","","","",""
"li-4475527150","linkedin","https://www.linkedin.com/jobs/view/4475527150","","DEVOPS LEAD L1","Wipro","Bengaluru, Karnataka, India","2026-10-05","fulltime","","","","","",False,"not applicable","","","","Job description:
  
  
Job Description

**Role Purpose**

The purpose of this role is to lead DevOps team to facilitate better coordination among operations, development and testing functions by automating and streamlining the integration and deployment processes

͏

**Do**

* **Drive technical solution support to the team to align on continuous integration (CI) and continuous deployment (CD) of technology in applications**
  + Design and define the overall DevOps architecture/ framework to for a project/ module delivery as per the client requirement
  + Decide on the DevOps tool & platform and which needs to be deployed aligned to the customer s requirement
  + Create a tool deployment model for validating, testing and monitoring performance and align or provision for resources accordingly
  + Define & manage the IT infrastructure as per the requirement of the supported software code
  + Manage and drive the DevOps pipeline that supports the application life cycle across the DevOps toolchain from planning, coding and building, to testing, to staging, to release, configuration and monitoring
  + Work with the team to tackle the coding and scripting needed to connect elements of the code that are required to run the software release with operating systems and production infrastructure with minimum disruptions
  + Ensure on boarding application configuration from planning to release stage
  + Integrate security in the entire dev-ops lifecycle to ensure no cyber risk and data privacy is maintained

͏

* **Provide customer support/ service on the DevOps tools**
  + Timely support internal & external customers escalations on multiple platforms
  + Troubleshoot the various problems that arise in implementation of DevOps tools across the project/ module
  + Perform root cause analysis of major incidents/ critical issues which may hamper project timeliness, quality or cost
  + Develop alternate plans/ solutions to be implemented as per root cause analysis of critical problems
  + Follow escalation matrix/ process as soon as a resolution gets complicated or isn t resolved
  + Provide knowledge transfer, sharing best practices with the team and motivate

͏

* **Team Management**
  + Resourcing
    - Forecast talent requirements as per the current and future business needs
    - Hire adequate and right resources for the team
    - Train direct reportees to make right recruitment and selection decisions
  + Talent Management
    - Ensure 100% compliance to Wipro s standards of adequate onboarding and training for team members to enhance capability & effectiveness
    - Build an internal talent pool of HiPos and ensure their career progression within the organization
    - Promote diversity in leadership positions
  + Performance Management
    - Set goals for direct reportees, conduct timely performance reviews and appraisals, and give constructive feedback to direct reports.
    - Incase of performance issues, take necessary action with zero tolerance for will based performance issues
    - Ensure that organizational programs like Performance Nxtarewell understood and that the team is taking the opportunities presented by such programs to their and their levels below
  + Employee Satisfaction and Engagement
    - Lead and drive engagement initiatives for the team
    - Track team satisfaction scores and identify initiatives to build engagement within the team
    - Proactively challenge the team with larger and enriching projects/ initiatives for the organization or team
    - Exercise employee recognition and appreciation

͏

**Deliver**

**No.**
**Performance Parameter**
**Measure**
1.Continuous Integration, Deployment & Monitoring100% error free on boarding & implementation2.CSATManage service tools 
  
Troubleshoot queries
  
Customer experience3.Capability Building & Team Management% trained on new age skills, Team attrition %, Employee satisfaction score

Platform / DevOps Engineer
  
Kubernetes, CI/CD, infrastructure automation and release engineering with GCP

Mandatory Skills: DevOps
  
.

Experience: 5-8 Years
  
.

Reinvent your world. We are building a modern Wipro. We are an end-to-end digital transformation partner with the boldest ambitions. To realize them, we need people inspired by reinvention. Of yourself, your career, and your skills. We want to see the constant evolution of our business and our industry. It has always been in our DNA - as the world around us changes, so do we. Join a business powered by purpose and a place that empowers you to design your own reinvention.","IT Services and IT Consulting","https://in.linkedin.com/company/wipro","https://media.licdn.com/dms/image/v2/D4E0BAQFTFdGNe-V9tw/company-logo_100_100/B4EZpFMu4WIQAQ-/0/1762097557732?e=2147483647&v=beta&t=ou5vQOksNDH68avQwV6fPk4vX3nYe_Vc_K1zSfm9PFg","","","","","","","","","","",""
"li-4474219669","linkedin","https://www.linkedin.com/jobs/view/4474219669","","Research / Senior Research Manager, Weather Data Systems (Weather Initiative)","Jobgether","India","2026-10-05","fulltime","","","","","",False,"mid-senior level","","","","**This position is listed on behalf of a partner company, who manages all applications and next steps. Our partner is looking for a Research / Senior Research Manager, Weather Data Systems (Weather Initiative) based in India.**
This role offers the opportunity to build and scale evidence-based weather data systems designed to support smallholder farmers.
  
  
You will help transform real-time scientific forecasts into timely, location-specific guidance that can reach farmers through multiple channels.
  
  
Working across research, technology, program, and dissemination teams, you will connect technical systems with practical field needs.
  
  
The role combines research management, data engineering, system design, quality assurance, and stakeholder engagement.
  
  
You will focus on creating reliable, adaptable infrastructure that can be replicated across geographies and use cases.
  
  
This is a high-impact opportunity for someone who enjoys solving complex problems, building scalable systems, and turning technical insights into actionable outcomes.
  
  
The position may be offered at either Research Manager or Senior Research Manager level, depending on experience, seniority, and scope of previous responsibilities.
  
  
**Accountabilities**

* Work with forecast science, technology, and dissemination teams to design and oversee pipelines that automatically transform real-time scientific forecast data into location-specific farmer messages.
* Develop adaptable systems that can integrate with different dissemination vendors and channels, including voice, SMS, WhatsApp, applications, LLM-powered advisory systems, or combinations of these.
* Ensure time-sensitive forecast information reaches farmers quickly and accurately by reducing processing delays, data transformation latency, and other potential points of failure.
* Own the technical and operational requirements needed to make weather data pipelines replicable across geographies rather than tailored to a single location or use case.
* Bridge technical and non-technical teams by translating forecast science and system constraints into practical requirements for research and program teams, and communicating program needs back to technical stakeholders.
* Oversee data management, quality assurance, testing, and technical rigor as the system expands into new applications and geographies.
* Document system architecture, decision logic, processes, and design rationale so that the infrastructure remains maintainable, auditable, and extensible.
* Coordinate with dissemination teams to ensure automated farmer messages align with standards established through field research.
* Provide technical and data-quality guidance to Associate- and Manager-level colleagues supporting the weather data pipeline.
* Contribute to funding proposals, technical reports, organizational knowledge management, and broader learning related to weather data systems.

**Requirements**

* Bachelor’s or advanced degree in a technical, quantitative, or data-focused discipline such as computer science, data science, engineering, statistics, economics, agricultural economics, or a related field.
* Experience building, managing, or overseeing data pipelines, ideally involving real-time, automated, or continuously processed data.
* Working knowledge of technical tools and programming languages used to build and maintain data systems, such as Python, SQL, or comparable technologies.
* Experience designing systems intended to be replicated, scaled, or adapted across multiple contexts rather than developed as one-off solutions.
* Ability to work effectively across technical and non-technical functions, translating between forecast science, engineering considerations, research requirements, and program priorities.
* Strong research management, problem-solving, and stakeholder engagement skills, with the ability to take ownership and operate proactively in a fast-growing environment.
* Excellent documentation skills and the ability to make technical systems understandable and usable for people who were not involved in building them.
* Strong written and verbal communication skills in English.
* Existing authorization to work in India is required; visa sponsorship is not available for this position.

**Benefits**

* Competitive salary based on skills, experience, seniority, and the local labor market in India.
* Full-time, fully remote position based in India.
* Opportunity to work on a high-impact weather initiative supporting smallholder farmers at significant scale.
* Exposure to research, technology, program implementation, data systems, and government-facing work.
* Opportunity to build scalable infrastructure and contribute to systems designed for replication across geographies.
* Flexible working arrangements designed to support employee wellbeing.
* Potential to grow into broader research, technical, and leadership responsibilities based on experience and performance.

**How Jobgether Works**
We use an
**AI-powered matching process**
to ensure your application is reviewed quickly, objectively, and fairly against the role's core requirements. Our system identifies the top-fitting candidates, and this shortlist is then shared directly with the hiring company. The final decision and next steps (interviews, assessments) are managed by their internal team.
  
  
We appreciate your interest and wish you the best!
  
  
Why Apply Through Jobgether?
  
  
**Data Privacy Notice:**
By submitting your application, you acknowledge that Jobgether will process your personal data to evaluate your candidacy and share relevant information with the hiring employer. This processing is based on legitimate interest and pre-contractual measures under applicable data protection laws (including GDPR). You may exercise your rights (access, rectification, erasure, objection) at any time.
  
  
We may use artificial intelligence (AI) tools to support parts of the hiring process, such as reviewing applications, analyzing resumes, or assessing responses and identifying potential inconsistencies or verification signals in application materials based on available information. These tools assist our recruitment team but do not replace human judgment. Final hiring decisions are ultimately made by humans. If you would like more information about how your data is processed, please contact us.","Internet Marketplace Platforms","https://be.linkedin.com/company/jobgether","https://media.licdn.com/dms/image/v2/D4E0BAQHdx4NngvFyPA/company-logo_100_100/B4EZ5GHh6CHEAU-/0/1779292839822/jobgether_logo?e=2147483647&v=beta&t=86Xk6jTn5SYx8OIuRc_gwpv1rBQZ8l6-zCWNpsa3Iy0","","","","","","","","","","",""
"li-4475521364","linkedin","https://www.linkedin.com/jobs/view/4475521364","","TEST ENGINEER L3","Wipro","Bengaluru, Karnataka, India","2026-10-05","fulltime","","","","","",False,"not applicable","","","","Job description:
  
  
Job Description

Role Purpose

The purpose of this role is to develop multi-module test cases and set up test environments while preparing test evidence and validating system functionality.

͏

Areas of responsibility

Requirement Analysis and Documentation-Create technical requirement documents basis the inputs received from clients through discussions and demos.

Creation of test cases-Create test cases basis the functional requirements ensuring test coverage across multiple modules.

Test Data and Environment Setup-Create data validation scenarios and set up test environment in collaboration with the client stakeholder.

Test Execution and Result Analysis -""Execute functional and regression testing to identify defects and document the result of the test cases.

Prepare test evidence and test review documents.

Log and update the defect status in the test management tool.""

͏ ͏ ͏

Mandatory Skills: API Automation Testing
  
.

Experience: 3-5 Years
  
.

Reinvent your world. We are building a modern Wipro. We are an end-to-end digital transformation partner with the boldest ambitions. To realize them, we need people inspired by reinvention. Of yourself, your career, and your skills. We want to see the constant evolution of our business and our industry. It has always been in our DNA - as the world around us changes, so do we. Join a business powered by purpose and a place that empowers you to design your own reinvention.","IT Services and IT Consulting","https://in.linkedin.com/company/wipro","https://media.licdn.com/dms/image/v2/D4E0BAQFTFdGNe-V9tw/company-logo_100_100/B4EZpFMu4WIQAQ-/0/1762097557732?e=2147483647&v=beta&t=ou5vQOksNDH68avQwV6fPk4vX3nYe_Vc_K1zSfm9PFg","","","","","","","","","","",""
"li-4475520330","linkedin","https://www.linkedin.com/jobs/view/4475520330","","SENIOR CONSULTANT - TECH & IMPL L1","Wipro","Hyderabad, Telangana, India","2026-10-05","fulltime","","","","","",False,"not applicable","","","","Job description:
  
  
Job Description

**Role Purpose**

Senior Consultants are able to leverage their experience to deliver discrete projects with minimal supervision. They demonstrate clear understanding of the client s business issues, detailing and tailoring consulting solutions to generate maximum value through idea generation and engagement experience. The Senior Consultant must achieve high personal billability.

G͏IS Consultant ͏

Required Skills:

· 6–10 years of professional experience in GIS consulting, solution delivery, or enterprise GIS implementation.

· Strong expertise across the Esri ArcGIS Suite, with particular focus on ArcGIS Enterprise.

· Proven experience in GIS platform administration, governance, and operational management.

· Hands-on experience with ArcGIS Experience Builder, including exposure to custom widget development.

· Experience working with VertiGIS products and enterprise GIS deployments.

· Strong understanding of geospatial architecture, web GIS, and enterprise integration patterns.

· Excellent communication, presentation, and stakeholder management skills.

· Demonstrated ability to engage with both business and technical audiences at multiple organizational levels.

Good To Have:

· Experience with ArcGIS API for Python.

· Experience with ArcGIS Maps SDK for JavaScript (ArcGIS API for JavaScript).

· Exposure to cloud-based ArcGIS deployments on Azure or AWS.

· Knowledge of GIS automation, scripting, and integration frameworks.

· Relevant Esri certifications will be considered an advantage.

͏

· Partner with clients, business stakeholders, and technical teams to understand business challenges and define GIS-enabled solutions.

· Provide strategic guidance on ArcGIS platform architecture, governance, implementation approaches, and best practices.

· Provide leadership and oversight for ArcGIS Enterprise environments, including administration, security, content governance, and operational best practices.

· Advise on the implementation and optimization of ArcGIS Experience Builder and VertiGIS solutions.

· Collaborate with implementation teams to ensure solutions meet business, functional, and technical requirements.

· Support pre-sales activities, proposal development, effort estimation, and client presentations where required.

Mandatory Skills: GIS Esri
  
.

Experience: 5-8 Years
  
.

Reinvent your world. We are building a modern Wipro. We are an end-to-end digital transformation partner with the boldest ambitions. To realize them, we need people inspired by reinvention. Of yourself, your career, and your skills. We want to see the constant evolution of our business and our industry. It has always been in our DNA - as the world around us changes, so do we. Join a business powered by purpose and a place that empowers you to design your own reinvention.","IT Services and IT Consulting","https://in.linkedin.com/company/wipro","https://media.licdn.com/dms/image/v2/D4E0BAQFTFdGNe-V9tw/company-logo_100_100/B4EZpFMu4WIQAQ-/0/1762097557732?e=2147483647&v=beta&t=ou5vQOksNDH68avQwV6fPk4vX3nYe_Vc_K1zSfm9PFg","","","","","","","","","","",""
"li-4474231299","linkedin","https://www.linkedin.com/jobs/view/4474231299","","Senior Manager, Data Engineering","Jobgether","India","2026-10-05","fulltime","","","","","",False,"mid-senior level","","","","**This position is listed on behalf of a partner company, who manages all applications and next steps. Our partner is looking for a Senior Manager, Data Engineering based in India.**
This is a senior technical leadership opportunity focused on building high-performing data engineering and machine learning teams in a fast-moving SaaS environment.
  
  
You will lead teams responsible for scalable data pipelines, production ML systems, analytics infrastructure, and data-driven product capabilities.
  
  
The role combines people leadership with hands-on technical oversight, architecture, engineering standards, and product strategy.
  
  
You will work closely with Finance, Sales, Operations, Product, Platform, Security, and senior engineering stakeholders to turn complex data into measurable business outcomes.
  
  
A major focus will be building reliable, governed, production-ready systems that support executive reporting, machine learning, and evolving product and threat requirements.
  
  
You will also shape engineering culture through hiring, mentoring, continuous improvement, and the adoption of modern AI-assisted development practices.
  
  
This role is ideal for a technically strong leader who enjoys going deep on architecture while developing diverse, high-performing teams across a remote-first environment.
  
  
**Accountabilities**

* Lead and guide engineering teams across data engineering, enterprise data applications, and machine learning, providing technical direction, delivery oversight, and people leadership.
* Build and operationalize end-to-end data pipeline architecture, including ingestion and transformation layers that move CRM and ERP data into centralized platforms such as Snowflake or Databricks.
* Partner with Finance, Sales, and Operations to develop unified reporting models covering pipeline health, recurring revenue, billing, churn, and customer lifetime value.
* Establish and enforce data governance and analytics engineering standards, including version control, automated testing, modular data modeling, and reliable single-source-of-truth practices.
* Act as a trusted technical advisor to senior and executive stakeholders, translating complex financial, operational, and technical metrics into clear business insights supported by reliable data.
* Collaborate with Staff and Principal Engineers to influence architecture, define engineering best practices, improve product quality, and deliver scalable features.
* Provide technical leadership across ML engineering and data science initiatives, ensuring models move from experimentation into reliable production systems rather than remaining one-off analyses.
* Set standards for feature engineering, model training, evaluation, serving, monitoring, rollback, and feedback loops that maintain model performance as product and threat patterns evolve.
* Partner with Product, Platform, and Security teams to translate identity, device, and telemetry signals into measurable outcomes such as precision, false-positive rates, and time-to-detect.
* Establish appropriate SLAs, monitoring, on-call practices, and operational processes for data and model health.
* Hire, onboard, coach, mentor, and manage a growing team, while supporting performance development and career progression across multiple levels of individual contributors.
* Lead teams effectively in a geographically distributed, remote-first environment and contribute to building a collaborative, high-performing engineering organization.
* Drive continuous improvement through innovation, process development, delivery excellence, reliability, and quality initiatives.
* Encourage effective use of AI coding agents and productivity tools to improve engineering workflows and maximize team effectiveness.

**Requirements**

* 8+ years of experience in applied machine learning, including several years of people management and experience operating production MLOps environments with versioned training pipelines, evaluation gates, model registries, and automated promotion to serving.
* Proven experience managing teams of 8 or more engineers or technical professionals, including performance management, hiring, mentoring, and building high-performing teams.
* Strong experience with data and analytics technologies such as Salesforce, NetSuite, dbt, Fivetran, Snowflake, and Databricks.
* Strong SQL skills and a solid understanding of software engineering principles, architecture, reliability, and production operations.
* Hands-on fluency in Python and experience with machine learning frameworks such as scikit-learn, PyTorch, or TensorFlow, alongside large-scale data platforms such as Spark, Snowflake, or equivalent technologies.
* Experience leading ML engineers and data scientists who deploy models into production and manage the complete lifecycle from feature engineering through monitoring and feedback.
* Strong understanding of statistical and machine learning concepts, including supervised and unsupervised learning, anomaly detection, classification, ranking/scoring, model evaluation, and imbalanced datasets.
* Demonstrated ownership of SaaS products or platforms, with a strong focus on reliability, operational excellence, and sustainable engineering practices.
* Experience working with agile teams and collaborating effectively with engineering managers, technical specialists, and non-technical business stakeholders.
* Proven ability to lead geographically distributed teams and operate successfully in a remote-first environment.
* Strong communication, stakeholder management, coaching, and organizational skills, with the ability to operate effectively in a fast-moving and collaborative environment.
* Experience with AI-assisted development tools such as Cursor, Claude, or Copilot, as well as productivity tools such as Gemini or NotebookLM, and the ability to apply them effectively to day-to-day work.
* Fluency in written and spoken English is required.
* Candidates must be located in and authorized to work in India.

**Benefits**

* Competitive senior-level compensation aligned with experience and market expectations in India.
* Fully remote work within India as part of a remote-first working environment.
* Opportunity to lead and grow high-performing, geographically distributed engineering teams.
* Significant influence over engineering practices, architecture, product strategy, and execution.
* Opportunity to work on complex data, machine learning, identity, device, and telemetry systems at scale.
* Strong exposure to senior leadership and cross-functional collaboration across Product, Platform, Security, Finance, Sales, and Operations.
* Career growth opportunities through technical leadership, people management, and organizational impact.
* Collaborative environment that values innovation, continuous improvement, diverse perspectives, and strong human connections.
* Opportunity to incorporate modern AI tools into engineering and productivity workflows.
* Participation in engineering on-call rotations as part of maintaining reliable production systems.

**How Jobgether Works**
We use an
**AI-powered matching process**
to ensure your application is reviewed quickly, objectively, and fairly against the role's core requirements. Our system identifies the top-fitting candidates, and this shortlist is then shared directly with the hiring company. The final decision and next steps (interviews, assessments) are managed by their internal team.
  
  
We appreciate your interest and wish you the best!
  
  
Why Apply Through Jobgether?
  
  
**Data Privacy Notice:**
By submitting your application, you acknowledge that Jobgether will process your personal data to evaluate your candidacy and share relevant information with the hiring employer. This processing is based on legitimate interest and pre-contractual measures under applicable data protection laws (including GDPR). You may exercise your rights (access, rectification, erasure, objection) at any time.
  
  
We may use artificial intelligence (AI) tools to support parts of the hiring process, such as reviewing applications, analyzing resumes, or assessing responses and identifying potential inconsistencies or verification signals in application materials based on available information. These tools assist our recruitment team but do not replace human judgment. Final hiring decisions are ultimately made by humans. If you would like more information about how your data is processed, please contact us.","Internet Marketplace Platforms","https://be.linkedin.com/company/jobgether","https://media.licdn.com/dms/image/v2/D4E0BAQHdx4NngvFyPA/company-logo_100_100/B4EZ5GHh6CHEAU-/0/1779292839822/jobgether_logo?e=2147483647&v=beta&t=86Xk6jTn5SYx8OIuRc_gwpv1rBQZ8l6-zCWNpsa3Iy0","","","","","","","","","","",""
"li-4475524359","linkedin","https://www.linkedin.com/jobs/view/4475524359","","TECHNOLOGY ARCHITECT L1","Wipro","Hyderabad, Telangana, India","2026-10-05","fulltime","","","","","",False,"not applicable","","","","Job description:
  
  
Job Description

Role Purpose

The purpose of this role to analyse client technology environments, create low-level design inputs, and integrate technology components to existing client environment for a specific technology.

͏

Area of Responsibility

Requirement Analysis-Participate in client discussions to gather information regarding platform constraints, technology stacks, and performance expectations of a specific technology.

Designing-Create low-level design inputs for assigned technology and provides technical viewpoints for specific components as per the standards and best practices.

Integration assessment and support-Assess and evaluate client technology environment to support integration of technology components and ensure system-level technical compatibility.

Troubleshooting-Support testing activities for technology components and work with developers and infrastructure teams to troubleshoot errors during deployment phases.

͏ ͏ ͏

Mandatory Skills: JAX-RS - Java API- RESTful Web Services
  
.

Experience: 8-10 Years
  
.

Reinvent your world. We are building a modern Wipro. We are an end-to-end digital transformation partner with the boldest ambitions. To realize them, we need people inspired by reinvention. Of yourself, your career, and your skills. We want to see the constant evolution of our business and our industry. It has always been in our DNA - as the world around us changes, so do we. Join a business powered by purpose and a place that empowers you to design your own reinvention.","IT Services and IT Consulting","https://in.linkedin.com/company/wipro","https://media.licdn.com/dms/image/v2/D4E0BAQFTFdGNe-V9tw/company-logo_100_100/B4EZpFMu4WIQAQ-/0/1762097557732?e=2147483647&v=beta&t=ou5vQOksNDH68avQwV6fPk4vX3nYe_Vc_K1zSfm9PFg","","","","","","","","","","",""
"li-4474218641","linkedin","https://www.linkedin.com/jobs/view/4474218641","","Senior IAM Engineer","Jobgether","India","2026-10-05","contract","","","","","",False,"mid-senior level","","","","**This position is listed on behalf of a partner company, who manages all applications and next steps. Our partner is looking for a Senior IAM Engineer based in India.**
This is a senior-level opportunity to shape and evolve an enterprise Identity and Access Management ecosystem across hybrid and multi-cloud environments.
  
  
You’ll serve as a technical authority for identity architecture, security, governance, and access automation.
  
  
The role combines hands-on engineering with strategic architecture across Okta, Active Directory, Entra ID, Google Workspace, and SaaS applications.
  
  
You’ll lead initiatives focused on Zero Trust, identity governance, lifecycle automation, and secure access at scale.
  
  
You’ll also influence IAM standards, mentor engineers, and collaborate closely with security, infrastructure, cloud, and application teams.
  
  
The position offers the opportunity to lead complex projects from architecture and design through implementation and continuous optimization.
  
  
This is a fully remote, long-term contract role for an experienced IAM professional who enjoys solving complex identity challenges and driving security transformation.
  
  
**Accountabilities**

* Architect and evolve enterprise IAM strategies across Okta, Active Directory, Entra ID, Google Workspace, SaaS applications, and hybrid or multi-cloud environments.
* Design scalable, secure, and resilient identity solutions while defining IAM standards, reference architectures, patterns, policies, and procedures.
* Serve as the senior technical owner of the Okta platform, including Universal Directory, SSO, MFA, Adaptive Authentication, API Access Management, Lifecycle Management, Workflows, and Identity Governance.
* Design and implement complex application integrations using SAML 2.0, OIDC/OAuth 2.0, SCIM, WS-Federation, and other appropriate identity protocols.
* Build and automate joiner, mover, and leaver processes and user provisioning/deprovisioning across cloud and on-premises applications.
* Establish effective identity governance practices covering access requests, access certifications, reviews, segregation of duties, privileged access, RBAC, and ABAC.
* Lead Zero Trust initiatives focused on least privilege, continuous verification, context-aware access, passwordless authentication, device trust, and adaptive MFA.
* Develop and implement PAM strategies covering privileged and service accounts across cloud and on-premises environments.
* Automate IAM configuration and deployment using Okta APIs, Terraform, infrastructure-as-code practices, and CI/CD pipelines.
* Develop Okta Workflows and custom integrations to automate identity and access processes and improve operational efficiency.
* Integrate IAM capabilities with security and operational platforms such as CSPM, SIEM/SOAR, and ITSM solutions.
* Establish continuous compliance monitoring, automate access reporting and evidence collection, and support regular access certification campaigns.
* Ensure IAM controls align with relevant compliance and security frameworks, including SOC 2, ISO 27001, NIST CSF, HIPAA, and PCI-DSS.
* Support internal and external audits by providing documentation, evidence, and technical walkthroughs.
* Monitor identity-related threats and anomalies in partnership with security operations teams and conduct regular IAM security assessments.
* Mentor junior IAM engineers through technical guidance, code reviews, knowledge sharing, and best-practice development.
* Lead cross-functional IAM initiatives from planning and architecture through implementation, stakeholder communication, risk management, and delivery.
* Communicate IAM strategies, risks, recommendations, and technical concepts effectively to both technical and non-technical stakeholders.
* Stay current with emerging IAM technologies, security threats, identity standards, and platform capabilities, identifying opportunities for continuous improvement.

**Requirements**

* 6+ years of hands-on experience in Identity and Access Management, including at least 3+ years administering and engineering Okta in a production enterprise environment.
* Deep practical knowledge of identity and authentication protocols, including SAML 2.0, OAuth 2.0, OpenID Connect, SCIM, WS-Federation, LDAP, and Kerberos.
* Demonstrated experience designing and implementing real-world Okta application integrations using SAML, OIDC/OAuth, and SCIM, with the ability to select the appropriate protocol based on application capabilities and business requirements.
* Strong experience integrating Okta with Active Directory, Entra ID, Google Workspace, and cloud directories within hybrid environments.
* Strong understanding of IAM architecture, identity lifecycle management, access governance, authentication, authorization, and Zero Trust principles.
* Hands-on experience with Okta Universal Directory, SSO, MFA, Adaptive Authentication, Lifecycle Management, Workflows, and Identity Governance.
* Experience with RBAC and ABAC models, privileged access management, access reviews, certifications, and segregation-of-duties controls.
* Practical knowledge of cloud and enterprise security environments, with an understanding of identity-related risks and security operations.
* Experience using Okta APIs, Terraform, infrastructure-as-code, automation, and CI/CD practices to manage IAM configurations and deployments.
* Ability to design scalable integrations and automate identity processes across SaaS, cloud, and on-premises environments.
* Familiarity with security and compliance frameworks such as SOC 2, ISO 27001, NIST CSF, HIPAA, and PCI-DSS.
* Strong analytical and problem-solving skills, with the ability to troubleshoot complex identity issues and make sound architectural decisions.
* Excellent communication and stakeholder-management skills, with the ability to explain technical IAM concepts to both engineering teams and business leaders.
* Demonstrated leadership skills and the ability to mentor engineers, lead technical initiatives, and manage cross-functional projects.
* Comfortable working independently in a fully remote environment and taking ownership of complex, high-impact IAM initiatives.

**Benefits**

* Full-time contract position with a long-term engagement and potential opportunity for conversion to a permanent role.
* 100% remote work, with the flexibility to work from anywhere in India.
* Standard full-time schedule of 40 hours per week, Monday through Friday.
* Opportunity to work on enterprise-scale IAM architecture and security initiatives.
* Exposure to hybrid and multi-cloud identity environments spanning Okta, Active Directory, Entra ID, Google Workspace, and SaaS applications.
* Opportunity to influence Zero Trust maturity, identity governance, access automation, and enterprise security strategy.
* Senior-level technical ownership and the opportunity to lead complex IAM projects from concept through delivery.
* Opportunities to mentor engineers and collaborate with security, cloud, infrastructure, and application teams.
* Long-term opportunity within a technically challenging and security-focused environment.

**How Jobgether Works**
We use an
**AI-powered matching process**
to ensure your application is reviewed quickly, objectively, and fairly against the role's core requirements. Our system identifies the top-fitting candidates, and this shortlist is then shared directly with the hiring company. The final decision and next steps (interviews, assessments) are managed by their internal team.
  
  
We appreciate your interest and wish you the best!
  
  
Why Apply Through Jobgether?
  
  
**Data Privacy Notice:**
By submitting your application, you acknowledge that Jobgether will process your personal data to evaluate your candidacy and share relevant information with the hiring employer. This processing is based on legitimate interest and pre-contractual measures under applicable data protection laws (including GDPR). You may exercise your rights (access, rectification, erasure, objection) at any time.
  
  
We may use artificial intelligence (AI) tools to support parts of the hiring process, such as reviewing applications, analyzing resumes, or assessing responses and identifying potential inconsistencies or verification signals in application materials based on available information. These tools assist our recruitment team but do not replace human judgment. Final hiring decisions are ultimately made by humans. If you would like more information about how your data is processed, please contact us.","Internet Marketplace Platforms","https://be.linkedin.com/company/jobgether","https://media.licdn.com/dms/image/v2/D4E0BAQHdx4NngvFyPA/company-logo_100_100/B4EZ5GHh6CHEAU-/0/1779292839822/jobgether_logo?e=2147483647&v=beta&t=86Xk6jTn5SYx8OIuRc_gwpv1rBQZ8l6-zCWNpsa3Iy0","","","","","","","","","","",""
"li-4475526190","linkedin","https://www.linkedin.com/jobs/view/4475526190","","TECHNO FUNCTIONAL CONSULTANT L2","Wipro","Pune Division, Maharashtra, India","2026-10-05","fulltime","","","","","",False,"not applicable","","","","Job description:
  
  
Job Description

Role Purpose

The purpose of this role is to develop end to end solutions for client business across modules and systems basis the identified technical specifications, by conducting feasibility reviews and its implementation in alignment with cost and efficiency targets.

͏

Areas of Responsibility

Requirement Gathering-""Define requirement specifications basis workshops and discussions with senior client stakeholders and identify optimisation opportunities to be considered as part of design process.""

Feasibility Analysis-Undertake feasibility analysis to identify potential constraints and change requirements by engaging with client business stakeholders and cross-functional teams.

Solution Design-Develop solution design across modules and systems, ensuring scalability, feasibility and alignment with existing enterprise architecture.

Configuration and Customisation-Conduct design reviews to ensure configurations align with defined development frameworks. Recommend best practices and implement solutions to enhance business process's quality.

Technology Harmonisation-Review the integration architecture across systems, ensuring its alignment with the defined integration framework. Implement the data migration strategy to ensure accurate flow of data across multiple applications.

Troubleshooting and optimisation-Optimize solution performance by ensuring alignment with established cost, scalability, and efficiency targets.

Documentation-Oversee creation and review of functional and technical documentation, ensuring alignment with architectural standards across modules and project teams.

͏ ͏ ͏

Mandatory Skills: TEMENOS T24
  
.

Experience: 8-10 Years
  
.

Reinvent your world. We are building a modern Wipro. We are an end-to-end digital transformation partner with the boldest ambitions. To realize them, we need people inspired by reinvention. Of yourself, your career, and your skills. We want to see the constant evolution of our business and our industry. It has always been in our DNA - as the world around us changes, so do we. Join a business powered by purpose and a place that empowers you to design your own reinvention.","IT Services and IT Consulting","https://in.linkedin.com/company/wipro","https://media.licdn.com/dms/image/v2/D4E0BAQFTFdGNe-V9tw/company-logo_100_100/B4EZpFMu4WIQAQ-/0/1762097557732?e=2147483647&v=beta&t=ou5vQOksNDH68avQwV6fPk4vX3nYe_Vc_K1zSfm9PFg","","","","","","","","","","",""
"li-4475517481","linkedin","https://www.linkedin.com/jobs/view/4475517481","","TECHNICAL LEAD L1","Wipro","Chennai, Tamil Nadu, India","2026-10-05","fulltime","","","","","",False,"not applicable","","","","Job description:
  
  
Job Description

Role Purpose

The purpose of this role is to develop multi-module test cases and set up test environments while preparing test evidence and validating system functionality.

͏

Areas of responsibility

Requirement Analysis and Documentation-Create technical requirement documents basis the inputs received from clients through discussions and demos.

Creation of test cases-Create test cases basis the functional requirements ensuring test coverage across multiple modules.

Test Data and Environment Setup-Create data validation scenarios and set up test environment in collaboration with the client stakeholder.

Test Execution and Result Analysis -""Execute functional and regression testing to identify defects and document the result of the test cases.

Prepare test evidence and test review documents.

Log and update the defect status in the test management tool.""

͏ ͏ ͏

Test Automation, Contract Testing, Performance Testing, CI/CD Quality Gate

Mandatory Skills: Playwright
  
.

Experience: 5-8 Years
  
.

Reinvent your world. We are building a modern Wipro. We are an end-to-end digital transformation partner with the boldest ambitions. To realize them, we need people inspired by reinvention. Of yourself, your career, and your skills. We want to see the constant evolution of our business and our industry. It has always been in our DNA - as the world around us changes, so do we. Join a business powered by purpose and a place that empowers you to design your own reinvention.","IT Services and IT Consulting","https://in.linkedin.com/company/wipro","https://media.licdn.com/dms/image/v2/D4E0BAQFTFdGNe-V9tw/company-logo_100_100/B4EZpFMu4WIQAQ-/0/1762097557732?e=2147483647&v=beta&t=ou5vQOksNDH68avQwV6fPk4vX3nYe_Vc_K1zSfm9PFg","","","","","","","","","","",""
"li-4475511826","linkedin","https://www.linkedin.com/jobs/view/4475511826","","SOLUTION ARCHITECT L1","Wipro","Pune Division, Maharashtra, India","2026-10-05","fulltime","","","","","",False,"not applicable","","","","Job description:
  
  
Job Description

Role Purpose

The purpose of this role is to design solution architecture for cross-system interactions and business logic integration, ensuring seamless interoperability across multiple applications.

͏

Area of Responsibility

Requirement Analysis-Participate in requirement discussions with client stakeholders to define solution and implementation level needs basis the business requirements.

Designing-Create solution architecture designs to meet cross-system interactions and business logic integration requirements, ensuring system cohesion across multiple applications.

Integration assessment and support-Assess and evaluate interactions across multiple applications by evaluating implementation dependencies and integration requirements.

Troubleshooting-Support validation of solution components during implementation and ensures the solution functions as designed.

Risk Analysis and Assessment-Assist in identifying potential risks by evaluating system performance of implemented architectural solutions, to ensure efficient system landscape.

͏ ͏ ͏

Mandatory Skills: Azure DevOps
  
.

Experience: 8-10 Years
  
.

Reinvent your world. We are building a modern Wipro. We are an end-to-end digital transformation partner with the boldest ambitions. To realize them, we need people inspired by reinvention. Of yourself, your career, and your skills. We want to see the constant evolution of our business and our industry. It has always been in our DNA - as the world around us changes, so do we. Join a business powered by purpose and a place that empowers you to design your own reinvention.","IT Services and IT Consulting","https://in.linkedin.com/company/wipro","https://media.licdn.com/dms/image/v2/D4E0BAQFTFdGNe-V9tw/company-logo_100_100/B4EZpFMu4WIQAQ-/0/1762097557732?e=2147483647&v=beta&t=ou5vQOksNDH68avQwV6fPk4vX3nYe_Vc_K1zSfm9PFg","","","","","","","","","","",""
"li-4475520325","linkedin","https://www.linkedin.com/jobs/view/4475520325","","TECHNO FUNCTIONAL CONSULTANT L2","Wipro","Pune Division, Maharashtra, India","2026-10-05","fulltime","","","","","",False,"not applicable","","","","Job description:
  
  
Job Description

Role Purpose

Execute required customizations, apply configuration changes across multiple modules within the existing system and support implementation of business processes.

͏

Areas of Responsibility

Requirement Gathering-Conduct requirement-gathering discussions and workshops with internal and client stakeholders to understand functional requirements and convert them into technical requirements in line with project goals.

Feasibility Analysis-Assist in feasibility analysis by reviewing functional documents, noting preliminary constraints, and preparing impact summaries for potential changes.

Solution Design-Contribute to solution design by identifying customisation requirements across multiple modules, basis understanding of functional requirements and its linkage to technical requirements.

Configuration and Customisation-Execute required customizations, apply configuration changes across multiple modules within the existing system and support implementation of business processes.

Technology Harmonisation-Participate in integration design for multiple modules and assess the data flow between multiple applications.

Troubleshooting and optimisation-Analyse performance issues and optimise configurations, queries, or integrations across multiple applications.

Documentation-""Create detailed functional and technical documentation including design documents and process documents.""

͏ ͏ ͏

Mandatory Skills: SAP Financial Product Subledger
  
.

Experience: 8-10 Years
  
.

Reinvent your world. We are building a modern Wipro. We are an end-to-end digital transformation partner with the boldest ambitions. To realize them, we need people inspired by reinvention. Of yourself, your career, and your skills. We want to see the constant evolution of our business and our industry. It has always been in our DNA - as the world around us changes, so do we. Join a business powered by purpose and a place that empowers you to design your own reinvention.","IT Services and IT Consulting","https://in.linkedin.com/company/wipro","https://media.licdn.com/dms/image/v2/D4E0BAQFTFdGNe-V9tw/company-logo_100_100/B4EZpFMu4WIQAQ-/0/1762097557732?e=2147483647&v=beta&t=ou5vQOksNDH68avQwV6fPk4vX3nYe_Vc_K1zSfm9PFg","","","","","","","","","","",""
"li-4475531012","linkedin","https://www.linkedin.com/jobs/view/4475531012","","TECHNO FUNCTIONAL CONSULTANT L2","Wipro","Pune Division, Maharashtra, India","2026-10-05","fulltime","","","","","",False,"not applicable","","","","Job description:
  
  
Job Description

Role Purpose

Execute required customizations, apply configuration changes across multiple modules within the existing system and support implementation of business processes.

͏

Areas of Responsibility

Requirement Gathering-Conduct requirement-gathering discussions and workshops with internal and client stakeholders to understand functional requirements and convert them into technical requirements in line with project goals.

Feasibility Analysis-Assist in feasibility analysis by reviewing functional documents, noting preliminary constraints, and preparing impact summaries for potential changes.

Solution Design-Contribute to solution design by identifying customisation requirements across multiple modules, basis understanding of functional requirements and its linkage to technical requirements.

Configuration and Customisation-Execute required customizations, apply configuration changes across multiple modules within the existing system and support implementation of business processes.

Technology Harmonisation-Participate in integration design for multiple modules and assess the data flow between multiple applications.

Troubleshooting and optimisation-Analyse performance issues and optimise configurations, queries, or integrations across multiple applications.

Documentation-""Create detailed functional and technical documentation including design documents and process documents.""

͏ ͏ ͏

Mandatory Skills: SAP Financial Product Subledger
  
.

Experience: 8-10 Years
  
.

Reinvent your world. We are building a modern Wipro. We are an end-to-end digital transformation partner with the boldest ambitions. To realize them, we need people inspired by reinvention. Of yourself, your career, and your skills. We want to see the constant evolution of our business and our industry. It has always been in our DNA - as the world around us changes, so do we. Join a business powered by purpose and a place that empowers you to design your own reinvention.","IT Services and IT Consulting","https://in.linkedin.com/company/wipro","https://media.licdn.com/dms/image/v2/D4E0BAQFTFdGNe-V9tw/company-logo_100_100/B4EZpFMu4WIQAQ-/0/1762097557732?e=2147483647&v=beta&t=ou5vQOksNDH68avQwV6fPk4vX3nYe_Vc_K1zSfm9PFg","","","","","","","","","","",""
